Latitude,Longitude,Polarity
45.433469,12.33962,0.25
45.433751,12.339725,0.25
45.431053,12.333902,0.45
45.433108,12.339406,0.0
45.432852,12.342796,0.06
45.433888,12.339166,0.0
45.431941,12.3284,0.5
45.442998,12.334663,0.0
45.436707,12.342882,0.10714285714285714
45.431497,12.333462,0.14618055555555554
45.433439,12.339513,0.05629084967320262
45.438619,12.319836,0.1
45.437655,12.337775,-0.125
45.437761,12.335779,0.1875
45.430047,12.343268,0.0
45.445612,12.320684,0.15000000000000002
45.438355,12.335775,0.25
45.432066,12.328921,0.0
45.43158,12.33403,0.0
45.43237,12.340564,0.0
45.429825,12.34447,0.0
45.448126,12.332904,0.0
45.437786,12.335977,0.25
45.435866,12.356408,-0.3
45.431063,12.331555,-0.3
45.433691,12.347241,-0.3
45.436922,12.328427,-0.3
45.433566,12.340769,-0.3
45.436922,12.328427,-0.3
45.435866,12.356408,-0.3
45.428763,12.327552,-0.3
45.431063,12.331555,-0.3
45.428763,12.327552,-0.3
45.431063,12.331555,-0.3
45.437686,12.326675,-0.3
45.441208,12.34428,-0.3
45.434293,12.350411,0.0
45.437769,12.335972,0.16666666666666666
45.425554,12.3327,0.8
45.441234,12.323568,0.0
45.441234,12.323568,0.0
45.441234,12.323568,0.0
45.437797,12.336038,0.16666666666666666
45.437797,12.336038,0.16666666666666666
45.439402,12.336015,0.15333333333333332
45.430608,12.329775,0.05
45.43426,12.340843,0.0
45.430608,12.329775,0.05
45.43353,12.340478,0.0
45.437744,12.336083,0.25
45.44367,12.325544,0.0
45.431066,12.335777,0.0
45.437945,12.32825,0.3125
45.436855,12.32908,0.05
45.432641,12.32769,0.325
45.433088,12.331143,0.0
45.428774,12.333652,0.0
45.432641,12.337539,0.26666666666666666
45.451002,12.349077,-0.1
45.433644,12.341661,0.4166666666666667
45.438144,12.335997,0.25
45.438144,12.335997,0.25
45.437741,12.336072,0.25
45.436869,12.329052,0.0
45.437916,12.335336,0.16666666666666666
45.434763,12.302313,0.0
45.440674,12.323859,0.0
45.440606,12.326692,0.0
45.438011,12.335736,-0.015
45.437955,12.335902,0.0
45.431555,12.328866,0.0
45.437955,12.335902,0.0
45.43328,12.340255,0.0
45.433644,12.341036,0.0
45.432169,12.328502,0.134375
45.431693,12.32887,0.11666666666666665
45.429968,12.343332,0.0
45.436499,12.320144,0.0
45.436888,12.31988,0.0
45.436888,12.31988,0.0
45.43357,12.340702,0.25
45.429336,12.341905,0.0
45.426908,12.325822,0.0
45.436905,12.329108,0.0
45.438013,12.335455,0.0
45.436733,12.333308,0.0
45.43613,12.343355,0.0
45.436163,12.344427,0.0
45.433492,12.327464,0.5
45.431347,12.332613,0.5
45.432263,12.337294,0.0
45.43267,12.337916,0.0
45.435765,12.344459,-0.1
45.435548,12.346122,-0.1
45.428692,12.356535,-0.1
45.430731,12.324327,0.0
45.43563,12.343168,-0.08333333333333333
45.430731,12.324327,0.2416666666666667
45.433334,12.325229,-0.075
45.435087,12.340439,-0.1
45.434965,12.340556,0.0
45.435573,12.346057,0.0
45.439408,12.327964,0.1925
45.43016,12.326223,-0.1
45.43016,12.326223,-0.1
45.43016,12.326223,-0.1
45.43414,12.333065,-0.1
45.438109,12.335453,0.0
45.439281,12.320287,0.0
45.434599,12.336389,-0.1
45.438079,12.335687,0.2
45.436143,12.328183,0.0
45.437193,12.330777,-0.1
45.429816,12.342605,0.5
45.430144,12.326142,0.0
45.431675,12.328926,0.2
45.435413,12.330069,0.2
45.432158,12.329208,-0.1
45.430144,12.326142,0.0
45.430144,12.326142,-0.1
45.435707,12.339756,0.0
45.436124,12.324394,-0.1
45.435639,12.324175,-0.1
45.435362,12.324118,-0.1
45.433268,12.325238,-0.1
45.436841,12.340602,0.0
45.431896,12.329115,0.2
45.432738,12.348575,0.0
45.434035,12.344439,0.0
45.433906,12.33492,-0.1
45.430193,12.326177,-0.1
45.428982,12.324099,0.10000000000000002
45.43237,12.324521,0.0
45.43183,12.328897,0.25909090909090915
45.437715,12.335404,0.5
45.433409,12.340521,0.11990740740740742
45.439855,12.339541,-0.05833333333333333
45.446491,12.319205,0.09999999999999999
45.431036,12.336022,0.30000000000000004
45.429522,12.342297,0.21666666666666667
45.445541,12.320705,0.16
45.433916,12.338477,0.16
45.431652,12.328908,0.5
45.433419,12.3408,-0.08333333333333333
45.44178,12.323822,-0.08333333333333333
45.439152,12.335488,0.26785714285714285
45.430849,12.336566,0.0
45.435592,12.343071,-0.08333333333333333
45.43618,12.325401,-0.022222222222222216
45.434983,12.340518,0.0
45.435194,12.336875,0.0
45.430731,12.324327,0.30000000000000004
45.433198,12.340786,0.0
45.433784,12.338329,0.22083333333333333
45.43237,12.324521,0.06666666666666667
45.434496,12.346635,0.5178571428571428
45.439316,12.337838,0.0
45.432867,12.33814,0.2638888888888889
45.433307,12.333395,0.08611111111111112
45.44154,12.333419,0.2708333333333333
45.433307,12.333395,0.3375
45.440403,12.327057,0.0
45.432336,12.325691,0.0
45.430731,12.324327,0.30000000000000004
45.431507,12.328685,-0.08333333333333333
45.433274,12.339938,0.05166666666666668
45.437072,12.321222,0.0
45.439296,12.327196,0.0
45.435761,12.32898,0.5
45.437994,12.328333,0.0
45.439703,12.326864,0.0
45.440057,12.326896,0.0
45.433115,12.340027,0.0
45.424595,12.32584,-0.022222222222222216
45.436502,12.332234,0.0
45.438941,12.336367,0.0
45.440787,12.33078,0.925
45.429545,12.343135,0.0
45.445138,12.329771,0.0
45.452369,12.350552,0.0
45.438333,12.335833,0.0875
45.438137,12.335801,0.15416666666666665
45.437475,12.334907,0.08518518518518518
45.437196,12.334066,0.13333333333333333
45.433502,12.340647,0.1416666666666667
45.437852,12.335596,0.0
45.431583,12.328858,0.25909090909090915
45.437147,12.335147,0.0
45.43798,12.335852,0.0
45.433397,12.339399,0.013888888888888886
45.431708,12.340285,-0.1
45.428566,12.3279,-0.1
45.435729,12.32668,0.0
45.438677,12.32935,0.16666666666666666
45.439513,12.328455,0.0
45.433354,12.340146,0.22499999999999998
45.432073,12.33642,0.0
45.437941,12.335672,0.0
45.436558,12.333552,0.17499999999999996
45.437166,12.334159,0.26666666666666666
45.435615,12.333751,0.05
45.440037,12.326904,0.12314814814814816
45.435027,12.340477,0.0
45.432897,12.339277,0.16
45.432888,12.355864,0.0
45.451,12.349333,0.0
45.436684,12.333469,0.0
45.443647,12.334985,0.3333333333333333
45.433131,12.344459,-0.32000000000000006
45.431158,12.331992,0.3
45.438372,12.341758,-0.025
45.434742,12.33535,0.25
45.436865,12.333161,0.05555555555555555
45.437166,12.31989,-0.125
45.442353,12.326391,0.15
45.433511,12.340836,-0.075
45.433406,12.340157,0.0
45.442292,12.330479,0.5
45.434835,12.324286,0.1
45.436922,12.319353,-0.08125
45.438251,12.31849,0.3333333333333333
45.437897,12.336025,0.5
45.438273,12.336047,0.2762820512820513
45.43793,12.335422,0.16
45.432494,12.332569,-0.1
45.431616,12.328952,0.5
45.435174,12.325961,-0.5
45.438137,12.335801,0.2
45.433344,12.340163,0.0
45.433625,12.3411,0.0
45.433711,12.340977,0.0
45.433416,12.340519,0.0
45.433736,12.341005,0.16666666666666666
45.433744,12.341,0.0
45.43767,12.326928,0.0
45.433334,12.341315,0.0
45.442345,12.325673,0.0
45.43133,12.3335,0.5
45.428538,12.330358,0.017083333333333325
45.443999,12.339166,0.0
45.429991,12.343032,0.0
45.439997,12.334333,0.0
45.433511,12.340836,0.0
45.432997,12.345666,-0.1
45.435663,12.328833,0.25
45.435663,12.329,0.5
45.435502,12.329166,0.25
45.435663,12.329333,0.25
45.435663,12.329333,0.5
45.442037,12.3352,0.0
45.442292,12.334556,0.16666666666666666
45.436949,12.348483,-0.225
45.438042,12.336088,0.07954545454545454
45.438145,12.335929,0.0
45.438186,12.336452,0.33
45.43819,12.335736,0.1285714285714286
45.433216,12.324663,0.16
45.433169,12.324522,0.16
45.442924,12.340738,0.16
45.433311,12.340017,-0.1
45.452819,12.354324,0.0
45.43835,12.34205,0.20833333333333334
45.432099,12.336165,0.2232142857142857
45.439424,12.333226,0.0
45.430304,12.326137,0.0
45.438641,12.338204,0.21500000000000002
45.431743,12.328934,0.06999999999999999
45.433397,12.339399,-0.0625
45.437113,12.33358,0.0
45.437422,12.3271,0.0
45.431591,12.328838,0.0
45.431572,12.328822,0.0
45.431549,12.328819,0.0
45.436499,12.333797,0.0
45.436499,12.333797,0.0
45.432216,12.337386,0.0
45.433638,12.340963,0.0
45.433777,12.346308,0.3
45.436499,12.333797,0.0
45.431269,12.333166,0.0
45.438194,12.336058,0.0
45.431743,12.328934,0.366875
45.43822,12.335865,0.26375000000000004
45.439868,12.33815,0.2318452380952381
45.432158,12.337177,0.16666666666666666
45.431433,12.328769,0.0
45.438688,12.330647,0.024999999999999994
45.433511,12.3411,0.0
45.431647,12.326852,0.25
45.434063,12.33511,0.1621212121212121
45.429118,12.35669,0.0393939393939394
45.429916,12.354972,0.15
45.436361,12.332916,0.16882716049382718
45.437347,12.334939,0.2836458333333333
45.429095,12.336344,0.0
45.44033,12.322166,0.2215909090909091
45.431881,12.32904,0.0
45.437444,12.335469,0.25
45.443327,12.335744,0.18333333333333335
45.444581,12.342474,0.0
45.444581,12.342474,0.0
45.437797,12.337658,-0.00347222222222221
45.43323,12.34045,0.09511526832955405
45.428836,12.323192,0.15
45.434264,12.336914,0.0
45.433125,12.339733,0.0
45.433221,12.339888,0.13636363636363635
45.434216,12.336538,0.0
45.434022,12.338952,0.184
45.436345,12.336037,-0.15555555555555556
45.451508,12.353616,0.125
45.437392,12.33506,0.3333333333333333
45.443572,12.340802,0.125
45.433409,12.340521,0.11990740740740742
45.431613,12.328927,0.0
45.442333,12.328833,0.5
45.438105,12.335913,0.13112612612612612
45.431301,12.34874,0.0
45.431181,12.334856,0.0
45.433397,12.339399,0.09166666666666667
45.433355,12.342363,0.22727272727272724
45.436345,12.332024,0.0
45.442241,12.328258,0.09375000000000001
45.43499,12.340478,-0.0125
45.438446,12.337388,-0.03416666666666667
45.436572,12.332965,0.0
45.42993,12.342636,0.0
45.42993,12.342636,0.0
45.42993,12.342636,0.0
45.42993,12.342636,0.0
45.4355,12.320366,0.11111111111111112
45.43682,12.352859,0.0
45.443447,12.325561,-0.0125
45.443444,12.32558,-0.0125
45.431003,12.334972,0.0
45.436949,12.334388,0.5
45.433033,12.339127,0.0
45.433524,12.3408,0.0
45.431753,12.32887,0.1111111111111111
45.43763,12.34073,0.0
45.438099,12.335672,0.32142857142857145
45.433518,12.339779,0.0
45.43883,12.337067,0.27499999999999997
45.435517,12.336519,0.27499999999999997
45.431632,12.336595,0.40199999999999997
45.439569,12.335041,0.14489070815683713
45.430774,12.331702,0.0
45.43685,12.334342,0.2916666666666667
45.432114,12.323302,0.0
45.434022,12.344369,0.0
45.438137,12.335919,0.31666666666666665
45.432807,12.338575,0.0
45.440755,12.333061,0.5
45.444215,12.324404,0.0
45.436849,12.329089,0.0
45.430366,12.331127,0.0
45.435487,12.3304,0.1875
45.437618,12.335683,0.05520833333333333
45.428302,12.320383,0.0
45.437444,12.335469,0.20972222222222223
45.430563,12.321617,0.7
45.434945,12.333923,-0.0625
45.434286,12.342994,0.2
45.429361,12.331262,0.05
45.436096,12.341105,-0.3333333333333333
45.431738,12.328977,0.1
45.435913,12.3444,0.35
45.444222,12.324594,0.246
45.438969,12.319905,0.21638095238095237
45.435613,12.329138,0.5
45.428069,12.319441,0.044285714285714296
45.428436,12.319797,0.02142857142857143
45.43176,12.328923,0.041666666666666664
45.437738,12.335296,0.25
45.433397,12.339399,-0.03143939393939394
45.433472,12.338361,0.0
45.433502,12.3383,0.0
45.432368,12.337269,0.0
45.432368,12.337269,0.0
45.433447,12.340661,0.0
45.437444,12.335469,0.25
45.453066,12.351147,0.4166666666666667
45.433237,12.339931,0.125
45.433921,12.334899,0.27
45.433379,12.340049,-0.037893772893772895
45.439035,12.339747,0.0
45.433138,12.339813,0.0
45.434865,12.330155,0.0
45.438133,12.335562,0.0
45.43229,12.329318,0.0
45.435638,12.334347,0.0
45.433963,12.327405,0.25
45.434852,12.328266,0.25
45.435502,12.329305,0.25
45.435502,12.329305,0.25
45.435502,12.329305,0.3333333333333333
45.432255,12.327955,0.25
45.435502,12.329305,0.09999999999999999
45.434986,12.328244,0.25
45.429055,12.328108,0.25
45.435502,12.329305,0.25
45.435502,12.329305,0.25
45.45308,12.351243,0.0
45.434114,12.339018,0.0
45.434945,12.330833,0.0
45.433708,12.340982,0.0
45.432216,12.34193,0.0
45.439409,12.338976,-0.08333333333333333
45.433397,12.339399,0.125
45.438052,12.335932,0.0037037037037037
45.432937,12.337408,0.0
45.433133,12.335391,0.0
45.433934,12.34641,0.0
45.432877,12.348172,0.5
45.431225,12.317561,0.0
45.437663,12.335844,0.25
45.443209,12.331387,0.0
45.436255,12.339338,-0.021428571428571432
45.432086,12.329141,0.5
45.444055,12.354555,0.0
45.436446,12.339361,0.0
45.437986,12.335938,0.14489070815683713
45.431105,12.332283,0.0
45.431952,12.337193,0.0
45.431854,12.336635,0.0
45.431828,12.336165,0.5
45.437444,12.335469,0.25
45.438069,12.335965,0.0
45.432904,12.345429,0.0
45.432904,12.345429,0.0
45.44803,12.344881,0.0
45.432216,12.34193,0.0
45.45308,12.351243,0.0
45.435253,12.340466,0.0
45.434384,12.334318,0.0
45.434384,12.334318,0.0
45.434384,12.334318,0.0
45.43368,12.341099,0.0
45.434384,12.334318,0.0
45.433663,12.341011,0.0
45.435329,12.339652,0.5
45.438032,12.337238,0.5
45.437384,12.340886,0.5
45.440794,12.332507,0.25
45.440373,12.322411,0.5
45.43343,12.340613,0.12142857142857143
45.435592,12.324053,0.5
45.435592,12.324053,0.5
45.433131,12.33727,0.5
45.431346,12.333301,0.5
45.435592,12.324053,0.5
45.432563,12.325175,0.5
45.437866,12.332196,0.15625
45.437038,12.327088,0.5
45.437038,12.327088,0.5
45.437038,12.327088,0.5
45.437038,12.327088,0.5
45.436624,12.325297,0.5
45.436624,12.325297,0.5
45.436624,12.325297,0.5
45.436624,12.325297,0.5
45.436624,12.325297,0.5
45.436624,12.325297,0.5
45.436624,12.325297,0.5
45.436624,12.325297,0.5
45.436624,12.325297,0.5
45.436624,12.325297,0.5
45.436624,12.325297,0.5
45.436624,12.325297,0.5
45.436616,12.325898,0.5
45.436624,12.325297,0.5
45.436624,12.325297,0.5
45.438303,12.327046,0.5
45.438303,12.327046,0.5
45.436805,12.336219,0.008333333333333328
45.437384,12.340886,0.008333333333333328
45.435171,12.333043,0.008333333333333328
45.435856,12.338837,0.008333333333333328
45.437821,12.337303,0.008333333333333328
45.433612,12.333762,0.008333333333333328
45.433612,12.333762,0.008333333333333328
45.433612,12.333762,0.008333333333333328
45.433612,12.333762,0.008333333333333328
45.433612,12.333762,0.008333333333333328
45.433612,12.333762,0.008333333333333328
45.433612,12.333762,0.008333333333333328
45.433612,12.333762,0.008333333333333328
45.431813,12.328956,0.21709661550570641
45.436686,12.338788,0.4
45.432649,12.332421,0.36250000000000004
45.427446,12.317175,0.0
45.431146,12.352814,-0.06666666666666665
45.433304,12.340039,0.0
45.434411,12.339208,0.3513157894736842
45.432652,12.337897,-0.13333333333333333
45.429886,12.325866,0.0
45.430207,12.327359,-0.19999999999999996
45.431518,12.327979,0.0
45.432041,12.324778,0.0
45.434395,12.338794,0.0
45.438833,12.319408,0.15833333333333333
45.43883,12.319086,0.15833333333333333
45.434213,12.337816,0.0
45.437302,12.319744,0.0
45.438961,12.326099,0.0
45.433304,12.34021,0.0
45.443936,12.328647,0.0
45.437204,12.342581,-0.024074074074074074
45.435597,12.341358,0.22916666666666666
45.430736,12.331434,0.0
45.437541,12.339952,0.049999999999999996
45.444987,12.330619,0.23057359307359304
45.434897,12.349722,0.030413510101010087
45.444844,12.325598,0.25683563748079874
45.437397,12.338511,0.0
45.435177,12.341566,0.0
45.439588,12.33373,0.0
45.433819,12.337836,0.027430555555555555
45.435108,12.324022,0.2
45.436444,12.34905,0.125
45.437988,12.34788,0.0
45.444724,12.32299,-0.016666666666666666
45.440373,12.341648,0.0
45.447276,12.321553,0.13333333333333333
45.447276,12.321553,0.04
45.438593,12.319448,0.0
45.438092,12.335897,0.0
45.43826,12.329659,0.0
45.434909,12.326386,0.0
45.433291,12.336688,0.20833333333333334
45.433891,12.345521,0.025
45.434811,12.338663,0.17380952380952383
45.441555,12.327271,0.0
45.433183,12.333763,0.05
45.4386,12.319705,0.0
45.4386,12.319705,0.0
45.4386,12.319705,0.0
45.4386,12.319705,0.0
45.4386,12.319705,0.0
45.4386,12.319705,0.0
45.4386,12.319705,0.0
45.4386,12.319705,0.0
45.438593,12.319448,0.0
45.438593,12.319448,0.0
45.438593,12.319448,0.0
45.438593,12.319448,0.0
45.438593,12.319448,0.0
45.437848,12.319975,0.0
45.437848,12.319975,0.0
45.437848,12.319975,0.0
45.437848,12.319975,0.0
45.437848,12.319975,0.0
45.437848,12.319975,0.0
45.437848,12.319975,0.0
45.437848,12.319975,0.0
45.437848,12.319975,0.0
45.437848,12.319975,0.0
45.43778,12.320216,0.0
45.437213,12.320276,0.0
45.437213,12.320276,0.0
45.436988,12.32018,0.0
45.437002,12.320213,0.0
45.437008,12.320197,0.0
45.437008,12.320197,0.0
45.437045,12.32017,0.0
45.437048,12.31991,0.0
45.437048,12.31991,0.0
45.437048,12.31991,0.0
45.437048,12.31991,0.0
45.437048,12.31991,0.0
45.436256,12.320506,0.0
45.436256,12.320506,0.0
45.436256,12.320506,0.0
45.43542,12.324171,0.0
45.43542,12.324171,0.0
45.43542,12.324171,0.0
45.435425,12.324158,0.0
45.43542,12.324171,0.0
45.434833,12.325921,0.0
45.434833,12.325921,0.0
45.434833,12.325921,0.0
45.434833,12.325921,0.0
45.434833,12.325921,0.0
45.434833,12.325921,0.0
45.436985,12.321176,0.0
45.436985,12.321176,0.0
45.436985,12.321176,0.0
45.437731,12.321185,0.0
45.437963,12.321515,0.0
45.438783,12.321165,0.0
45.439221,12.320821,0.0
45.439221,12.320821,0.0
45.439221,12.320821,0.0
45.439494,12.320302,0.0
45.437116,12.336457,0.0
45.432656,12.340253,0.1591111111111111
45.433936,12.337369,0.12222222222222222
45.432166,12.319688,-0.15833333333333333
45.435022,12.320538,0.0
45.441963,12.332952,0.09361111111111112
45.434086,12.33318,0.0
45.431354,12.352752,0.0
45.441826,12.333076,0.2801948051948052
45.442594,12.324225,0.1596728151075977
45.430923,12.356443,-0.06666666666666665
45.444311,12.323963,0.2458333333333333
45.444891,12.322277,0.2458333333333333
45.444366,12.323908,0.2458333333333333
45.443808,12.325099,0.2458333333333333
45.433876,12.339084,0.0
45.438066,12.336325,-0.05111111111111111
45.434004,12.337399,0.10833333333333331
45.437961,12.331852,0.008333333333333335
45.441746,12.333322,0.0
45.435758,12.337229,0.85
45.431967,12.353632,0.4277777777777778
45.431949,12.32726,0.6
45.437894,12.328258,0.0
45.430142,12.324256,0.0
45.43633,12.327926,0.0
45.43816,12.335629,0.0
45.433484,12.330436,0.44999999999999996
45.430638,12.328237,0.05
45.43956,12.33446,0.6
45.433388,12.324938,0.049999999999999996
45.433311,12.339836,0.0
45.438705,12.33518,0.0
45.43615,12.340891,0.0
45.436597,12.340875,0.0
45.437261,12.341069,0.0
45.434907,12.317283,0.20142045454545454
45.433646,12.340114,0.38095238095238093
45.434335,12.338869,0.08922455922455923
45.43304,12.341669,0.34098958333333335
45.434336,12.338783,0.18
45.430797,12.331509,0.0
45.439669,12.327686,0.0
45.433119,12.324402,-0.1275
45.440945,12.321209,0.0
45.428929,12.328805,0.0
45.43371,12.341111,-0.05
45.433452,12.339816,0.3833333333333333
45.434207,12.338397,-0.08750000000000001
45.437121,12.343171,0.27575757575757576
45.438511,12.319269,0.1925
45.433063,12.339169,0.0
45.443798,12.325437,0.0
45.431388,12.329166,0.06507936507936507
45.43378,12.33726,-0.08333333333333333
45.437086,12.321011,0.0
45.436661,12.326091,-0.13333333333333333
45.439599,12.341053,0.0
45.440042,12.322014,0.15714285714285714
45.433665,12.340993,0.0
45.434621,12.33903,0.0
45.43348,12.340694,0.192
45.437128,12.341465,0.5625
45.437316,12.341187,0.0
45.434727,12.346765,0.0
45.434599,12.346583,0.0
45.440238,12.32758,0.0
45.440791,12.328333,0.0
45.440227,12.334294,0.0
45.436969,12.334236,0.0
45.435055,12.327469,0.0
45.433699,12.327033,0.0
45.431358,12.333075,0.0
45.443286,12.331341,0.0
45.441077,12.322711,0.0
45.431011,12.337044,0.0
45.431002,12.336988,0.0
45.429199,12.332844,0.0
45.439236,12.324438,0.0
45.431202,12.354852,0.0
45.432269,12.353111,0.0
45.432391,12.352352,0.0
45.437941,12.335594,0.0
45.437911,12.335588,0.0
45.439288,12.327211,0.0
45.438886,12.326005,0.0
45.438313,12.326158,0.0
45.438319,12.326175,0.0
45.43335,12.337,0.0
45.432163,12.329727,0.0
45.439222,12.339069,0.22666666666666666
45.43895,12.320366,-0.05
45.437847,12.340511,0.1738437001594896
45.436905,12.341658,0.0
45.430673,12.329986,0.0
45.433936,12.341895,-0.05
45.437286,12.32485,0.27132505175983435
45.441735,12.321875,0.0
45.43883,12.319418,0.0
45.42975,12.329243,0.0
45.42975,12.329243,0.0
45.439574,12.324866,0.0
45.439409,12.325222,0.0
45.433627,12.340103,-0.08333333333333333
45.431708,12.328881,0.38
45.433158,12.324372,-0.1275
45.441404,12.306243,-0.08333333333333333
45.438845,12.332625,-0.1
45.433888,12.341666,0.0
45.445449,12.326719,0.1362781954887218
45.430711,12.327652,-0.012499999999999997
45.433984,12.343813,0.0
45.435075,12.331505,-0.4
45.435075,12.331505,-0.4
45.429958,12.354997,0.08888888888888888
45.43432,12.338762,-0.1375
45.435438,12.320316,0.225
45.438039,12.335994,0.3666666666666667
45.438039,12.335994,0.3666666666666667
45.430142,12.326231,0.0
45.436225,12.340832,-0.09666666666666668
45.435819,12.339983,0.1125
45.443226,12.340157,0.0
45.433619,12.33995,0.0
45.433619,12.33995,0.0
45.428346,12.357163,0.0
45.433966,12.339513,0.0
45.433153,12.339642,0.3666666666666667
45.433727,12.334075,0.1597419247419248
45.441585,12.320319,0.19047619047619047
45.42905,12.323944,0.08493867243867245
45.425597,12.335441,0.0
45.433673,12.353847,0.26666666666666666
45.433673,12.353847,0.26666666666666666
45.433673,12.353847,0.26666666666666666
45.433673,12.353847,0.26666666666666666
45.433673,12.353847,0.4
45.433673,12.353847,0.4
45.433673,12.353847,0.4
45.433673,12.353847,0.4
45.433673,12.353847,0.4
45.433673,12.353847,0.4
45.433673,12.353847,0.4
45.433673,12.353847,0.4
45.433673,12.353847,0.4
45.433673,12.353847,0.4
45.433673,12.353847,0.4
45.433673,12.353847,0.4
45.433673,12.353847,0.4
45.433243,12.34021,0.0
45.434038,12.344416,-0.09047619047619049
45.439788,12.331894,0.14854166666666666
45.433881,12.337947,0.0
45.437905,12.335744,0.33888888888888885
45.432399,12.3523,0.0
45.439462,12.330629,-0.15000000000000002
45.434659,12.336831,0.39166666666666666
45.440787,12.340543,0.39166666666666666
45.439372,12.325338,0.0
45.439352,12.325322,0.0
45.434174,12.338202,0.4
45.432874,12.341644,0.0
45.432222,12.337122,0.0
45.433469,12.33962,0.25
45.441747,12.330202,0.0
45.431455,12.334413,0.0
45.433048,12.338354,0.2288194444444445
45.431141,12.332613,0.0
45.434966,12.327586,0.0
45.433048,12.338354,0.2288194444444445
45.433048,12.338354,0.2288194444444445
45.433048,12.338354,0.2288194444444445
45.433048,12.338354,0.2288194444444445
45.433048,12.338354,0.2288194444444445
45.433048,12.338354,0.2288194444444445
45.433048,12.338354,0.2288194444444445
45.433048,12.338354,0.2288194444444445
45.433048,12.338354,0.2288194444444445
45.433048,12.338354,0.2288194444444445
45.433048,12.338354,0.2288194444444445
45.434099,12.338749,-0.2
45.433138,12.339733,0.16666666666666666
45.434395,12.338783,0.16428571428571428
45.434466,12.33783,-0.25
45.437444,12.335469,0.0
45.433613,12.340052,0.0
45.434663,12.339213,0.3
45.437011,12.337109,0.0
45.441879,12.337431,0.0
45.433724,12.338158,0.2625
45.434977,12.332266,0.04999999999999999
45.441216,12.33421,0.0
45.435654,12.327612,0.0
45.434076,12.353555,-0.1
45.434418,12.339159,0.4166666666666667
45.434418,12.339159,0.4166666666666667
45.434418,12.339159,0.4166666666666667
45.434418,12.339159,0.4166666666666667
45.431324,12.322282,0.22142857142857145
45.43819,12.331724,-0.08333333333333333
45.437384,12.341787,0.0
45.438611,12.337777,0.0
45.441133,12.322132,0.21333333333333332
45.431652,12.328938,0.19305555555555556
45.433981,12.32445,-0.15555555555555556
45.428824,12.333333,0.22361111111111112
45.430021,12.334406,0.16666666666666666
45.435397,12.340264,0.24999999999999997
45.434092,12.343549,-0.08333333333333333
45.4386,12.3267,0.0
45.433545,12.339706,0.3446969696969697
45.434026,12.347087,0.0
45.433462,12.340511,0.30972222222222223
45.433907,12.342179,-0.1
45.434154,12.337667,0.1207482993197279
45.439729,12.335393,0.11157407407407408
45.442541,12.332389,0.0
45.43853,12.332289,0.0
45.445271,12.324426,0.1363963293650794
45.437858,12.318109,0.0
45.430632,12.329574,0.0
45.437552,12.333041,0.0
45.437151,12.344191,0.0
45.43265,12.337774,0.2453030303030303
45.435767,12.329856,0.06345238095238094
45.435609,12.330714,0.10879629629629631
45.434337,12.339072,0.10333333333333333
45.434548,12.338085,0.14523809523809525
45.435674,12.336469,0.13333333333333333
45.433338,12.33945,-0.15555555555555556
45.4386,12.3267,0.0
45.433499,12.339352,0.25
45.436236,12.336308,0.12142857142857143
45.4386,12.3267,0.2
45.440192,12.330662,0.01604938271604938
45.447381,12.328602,0.0
45.444814,12.333408,0.06025641025641025
45.439216,12.342397,0.85
45.438039,12.322175,0.0
45.43759,12.333133,0.0
45.43688,12.32558,-0.2
45.433894,12.337197,0.0
45.453305,12.351133,0.0
45.433683,12.341422,0.0
45.437956,12.329771,0.0
45.437595,12.333101,0.21041666666666667
45.440595,12.321738,0.0
45.435343,12.339791,0.1
45.430869,12.331547,0.08435672514619882
45.437942,12.337432,-0.13333333333333333
45.434362,12.340854,0.2
45.434132,12.331949,0.0
45.433884,12.334835,0.0
45.429378,12.326477,0.0
45.433688,12.341011,0.3
45.440849,12.32155,0.0
45.441216,12.33421,0.0
45.437604,12.333035,0.01666666666666668
45.43752,12.347293,0.0
45.433703,12.340972,0.21276958776958776
45.434001,12.344371,0.0
45.433191,12.32431,0.0
45.434011,12.328891,0.0
45.431399,12.321209,0.0
45.432957,12.335822,0.0
45.438528,12.337743,0.09999999999999999
45.435041,12.334611,0.10185185185185186
45.446508,12.330758,0.0
45.4386,12.3267,0.2416666666666667
45.431075,12.335972,0.44166666666666665
45.434026,12.337946,0.0
45.435751,12.357001,0.4
45.430384,12.322838,0.0
45.430384,12.322838,0.0
45.430384,12.322838,0.0
45.430384,12.322838,0.0
45.430384,12.322838,0.0
45.430384,12.322838,0.0
45.430384,12.322838,0.0
45.430384,12.322838,0.0
45.430384,12.322838,0.0
45.430384,12.322838,0.0
45.430384,12.322838,0.0
45.430384,12.322838,0.0
45.430384,12.322838,0.0
45.430384,12.322838,0.0
45.430384,12.322838,0.0
45.430384,12.322838,0.0
45.430384,12.322838,0.0
45.430384,12.322838,0.0
45.430384,12.322838,0.0
45.430384,12.322838,0.0
45.430384,12.322838,0.0
45.430384,12.322838,0.0
45.430384,12.322838,0.0
45.430384,12.322838,0.0
45.430384,12.322838,0.0
45.430384,12.322838,0.0
45.430384,12.322838,0.0
45.430384,12.322838,0.0
45.430384,12.322838,0.0
45.430384,12.322838,0.0
45.430384,12.322838,0.0
45.430384,12.322838,0.0
45.430384,12.322838,0.0
45.430384,12.322838,0.0
45.430384,12.322838,0.0
45.430384,12.322838,0.0
45.430384,12.322838,0.0
45.430384,12.322838,0.0
45.430384,12.322838,0.0
45.430384,12.322838,0.0
45.430384,12.322838,0.0
45.430384,12.322838,0.0
45.430384,12.322838,0.0
45.430384,12.322838,0.0
45.430384,12.322838,0.0
45.43441,12.339212,0.04375000000000001
45.437121,12.321221,0.5
45.439582,12.334599,0.0
45.444935,12.330565,0.025
45.434463,12.330651,0.0
45.439794,12.340169,0.0
45.435427,12.332319,0.1361111111111111
45.434358,12.338858,0.14431818181818182
45.433491,12.355333,0.12000000000000001
45.433614,12.340724,0.0
45.435863,12.340586,-0.1
45.433552,12.341913,0.23705808080808077
45.439184,12.341074,0.0
45.433771,12.345591,0.5
45.434477,12.354673,-0.08333333333333333
45.439034,12.325839,0.0
45.4386,12.3267,0.033333333333333326
45.433722,12.34148,0.1
45.440475,12.324019,0.0
45.437238,12.339608,0.0
45.432983,12.332183,0.0
45.432983,12.332183,0.0
45.432983,12.332183,0.0
45.431911,12.329632,0.09848484848484848
45.433832,12.339513,0.1
45.438118,12.335941,0.0
45.438084,12.33061,0.46666666666666673
45.439628,12.340475,0.85
45.429312,12.329985,-0.5
45.433863,12.346055,0.0
45.434086,12.344519,0.0
45.437408,12.335802,0.0
45.436888,12.325977,0.0
45.433844,12.345797,0.0
45.433833,12.34575,0.0
45.433808,12.345727,0.0
45.433788,12.345688,0.0
45.434144,12.344494,0.0
45.43275,12.332366,0.4111111111111111
45.435073,12.337152,0.03333333333333333
45.439432,12.328162,0.13484848484848486
45.429321,12.326638,0.0
45.438212,12.335736,0.07838541666666667
45.440847,12.315513,0.0
45.437122,12.327111,0.0
45.433055,12.35272,0.0
45.434316,12.332105,0.0
45.434166,12.332222,0.0
45.433891,12.340886,-0.5
45.434397,12.337986,0.1
45.437279,12.32078,-0.10833333333333334
45.436125,12.329027,0.12083333333333333
45.43417,12.338258,0.0
45.433266,12.339223,0.22727272727272727
45.445401,12.332131,0.39999999999999997
45.445401,12.332131,0.32499999999999996
45.43801,12.336015,0.0
45.430812,12.324181,0.0
45.442488,12.318398,0.25
45.439305,12.319738,0.0
45.435517,12.324557,0.0
45.432752,12.34973,0.0
45.438709,12.319042,0.39999999999999997
45.438845,12.320104,0.09753584229390681
45.438944,12.31946,-0.004424242424242433
45.438944,12.31946,-0.004424242424242433
45.438944,12.31946,-0.004424242424242433
45.438944,12.31946,-0.004424242424242433
45.438944,12.31946,-0.004424242424242433
45.438944,12.31946,-0.004424242424242433
45.438944,12.31946,-0.004424242424242433
45.438944,12.31946,-0.004424242424242433
45.438944,12.31946,-0.004424242424242433
45.438944,12.31946,-0.004424242424242433
45.438944,12.31946,-0.004424242424242433
45.438944,12.31946,-0.004424242424242433
45.438944,12.31946,-0.004424242424242433
45.438944,12.31946,-0.004424242424242433
45.438944,12.31946,-0.004424242424242433
45.438944,12.31946,-0.004424242424242433
45.438944,12.31946,-0.004424242424242433
45.438944,12.31946,-0.004424242424242433
45.438944,12.31946,-0.004424242424242433
45.438944,12.31946,-0.004424242424242433
45.438944,12.31946,-0.004424242424242433
45.438944,12.31946,-0.004424242424242433
45.438944,12.31946,-0.004424242424242433
45.438944,12.31946,-0.004424242424242433
45.438944,12.31946,-0.004424242424242433
45.438944,12.31946,-0.004424242424242433
45.438944,12.31946,-0.004424242424242433
45.436677,12.319244,0.0
45.433734,12.341027,0.0
45.431076,12.324436,0.0
45.438037,12.335895,0.0
45.43334,12.339726,0.0
45.434307,12.337133,0.0
45.4342,12.338426,0.0
45.431076,12.324436,0.0
45.43334,12.339726,0.0
45.438897,12.319396,0.225
45.437964,12.335844,0.14375
45.428898,12.328744,0.1921875
45.452853,12.350885,-0.19375
45.439168,12.32549,0.051111111111111114
45.434149,12.327148,0.25
45.438005,12.335745,0.4357142857142857
45.433886,12.340905,0.3333333333333333
45.43491,12.335884,0.15
45.438005,12.335745,0.4357142857142857
45.438005,12.335745,0.0
45.43491,12.335884,0.7
45.43491,12.335884,0.6
45.43895,12.319439,-0.0030303030303030294
45.418575,12.357022,0.17857142857142858
45.418319,12.357012,0.0
45.418575,12.357022,0.03333333333333333
45.418575,12.357022,0.0
45.418575,12.357022,0.08666666666666667
45.418575,12.357022,0.03333333333333333
45.418575,12.357022,0.06666666666666667
45.418575,12.357022,0.058333333333333334
45.418575,12.357022,0.058333333333333334
45.418575,12.357022,0.03333333333333333
45.418575,12.357022,0.027777777777777776
45.418575,12.357022,0.027777777777777776
45.418575,12.357022,0.0
45.418575,12.357022,0.0
45.418575,12.357022,0.0
45.418575,12.357022,0.0
45.418575,12.357022,0.0
45.418575,12.357022,0.03333333333333333
45.418575,12.357022,0.06666666666666667
45.418575,12.357022,0.06666666666666667
45.418575,12.357022,0.016666666666666666
45.418575,12.357022,0.05
45.418575,12.357022,0.04
45.418575,12.357022,0.04
45.418575,12.357022,0.0
45.418575,12.357022,0.04
45.418575,12.357022,0.04
45.418575,12.357022,0.04
45.418575,12.357022,0.175
45.418575,12.357022,0.11558441558441558
45.418575,12.357022,0.0
45.418575,12.357022,-0.03333333333333333
45.418575,12.357022,0.175
45.418575,12.357022,0.05
45.418575,12.357022,0.05
45.418575,12.357022,0.05
45.418575,12.357022,0.05
45.418575,12.357022,0.0
45.418575,12.357022,0.0
45.418575,12.357022,0.0
45.418575,12.357022,0.03409090909090909
45.418575,12.357022,0.0
45.418575,12.357022,0.016666666666666666
45.433424,12.336863,0.0
45.437715,12.319267,0.0
45.439326,12.319611,0.0
45.439326,12.319611,0.0
45.439326,12.319611,0.0
45.439326,12.319611,0.0
45.439326,12.319611,0.0
45.439326,12.319611,0.0
45.439326,12.319611,0.0
45.439326,12.319611,0.0
45.439326,12.319611,0.0
45.439326,12.319611,0.0
45.439326,12.319611,0.0
45.439326,12.319611,0.0
45.439326,12.319611,0.0
45.441336,12.320599,0.0
45.441152,12.320544,0.0
45.441211,12.320419,0.0
45.441075,12.320352,0.0
45.431278,12.33579,0.5
45.429511,12.343797,0.5
45.431677,12.328772,0.11487037037037036
45.43337,12.340251,0.375
45.431331,12.328215,-0.38888888888888884
45.431331,12.328215,-0.38888888888888884
45.431331,12.328215,-0.38888888888888884
45.436772,12.334433,0.25
45.443964,12.316457,0.14566666666666667
45.436499,12.333797,0.0
45.432219,12.337375,0.0
45.430687,12.324351,0.0
45.435211,12.328212,0.5
45.431771,12.329214,0.5
45.426472,12.337917,0.0
45.433773,12.340966,0.0
45.435211,12.328212,0.5
45.431728,12.32903,0.5
45.43391,12.343138,0.0
45.441294,12.32063,0.0
45.441294,12.32063,0.0
45.441294,12.32063,0.0
45.441294,12.32063,0.0
45.441294,12.32063,0.0
45.441294,12.32063,0.0
45.441294,12.32063,0.0
45.441294,12.32063,0.0
45.441294,12.32063,0.0
45.433936,12.33771,0.21071428571428572
45.434384,12.334318,0.0
45.438602,12.338186,0.05859497176065223
45.438069,12.335965,0.0
45.43368,12.341099,0.0
45.434384,12.334318,0.0
45.453453,12.351181,-0.09259259259259259
45.44114,12.322748,0.0
45.441126,12.342131,0.0
45.440655,12.334122,0.14155990095762822
45.43639,12.332196,0.1391666666666667
45.430919,12.336947,0.05731953430878163
45.434286,12.342994,0.13636363636363635
45.436472,12.32825,0.0
45.438528,12.335926,0.15000000000000002
45.433507,12.340754,0.13076923076923078
45.435714,12.329664,0.0
45.441666,12.323552,0.1244017094017094
45.433891,12.341015,0.0
45.438077,12.327361,0.0
45.441773,12.320544,0.0909090909090909
45.431647,12.328366,0.25892857142857145
45.438958,12.319491,0.13112612612612612
45.440937,12.322647,0.0
45.434286,12.342994,0.0
45.438105,12.335913,0.13112612612612612
45.438077,12.327361,0.25
45.433332,12.339973,0.0
45.430813,12.324256,0.18000000000000002
45.430861,12.336572,0.05731953430878163
45.445011,12.330558,0.0
45.443805,12.325683,0.0
45.441188,12.322705,0.0
45.441372,12.320663,0.0
45.441511,12.320483,0.0
45.441852,12.319888,0.0
45.43983,12.339772,0.0
45.452361,12.355119,0.0
45.442119,12.332813,0.12585034013605442
45.429277,12.334541,0.0
45.429841,12.342694,0.0
45.433288,12.325219,0.0
45.433136,12.324583,0.0
45.434713,12.325963,0.0
45.432338,12.32393,0.0
45.43248,12.323649,0.0
45.433438,12.324405,0.0
45.435388,12.324305,0.0
45.425938,12.328958,0.0
45.425536,12.33108,0.0
45.433949,12.338783,0.0
45.436816,12.335394,0.0
45.441605,12.316738,0.0
45.441469,12.312388,0.0
45.432088,12.30618,0.0
45.43153,12.30793,0.0
45.43118,12.308988,0.0
45.43103,12.309461,0.0
45.429005,12.317075,0.0
45.429024,12.317255,0.0
45.430238,12.32005,0.0
45.430569,12.320738,0.0
45.433666,12.341208,-0.2
45.442119,12.332813,0.12585034013605442
45.431012,12.33627,0.028571428571428574
45.441897,12.323977,0.1292857142857143
45.441199,12.322775,0.11487037037037036
45.438344,12.338561,0.05859497176065223
45.431297,12.333088,0.0
45.433332,12.339973,0.2055909863945578
45.439748,12.320877,0.0
45.431791,12.329002,0.0
45.442119,12.332813,0.12585034013605442
45.431636,12.328905,0.1292857142857143
45.431636,12.328905,0.1292857142857143
45.438528,12.318913,0.0
45.440096,12.334803,0.09990079365079366
45.434237,12.336884,0.0
45.432521,12.328001,0.28888888888888886
45.438002,12.335902,0.013636363636363636
45.435163,12.355052,0.04078947368421052
45.441199,12.322775,0.1292857142857143
45.438619,12.335941,0.1292857142857143
45.441222,12.320758,0.0
45.434486,12.339266,0.2
45.438619,12.335941,0.1292857142857143
45.448517,12.345285,0.0
45.434486,12.339266,0.3125
45.436497,12.33358,0.16666666666666666
45.444244,12.324677,0.021428571428571422
45.43749,12.335028,0.0
45.431086,12.33461,0.16666666666666666
45.431176,12.334384,0.25
45.442452,12.327627,0.0
45.437408,12.335505,0.07142857142857142
45.432847,12.338966,0.07142857142857142
45.431652,12.32893,0.0
45.433647,12.341375,0.0
45.442994,12.329947,0.17071995464852605
45.441097,12.322769,0.11487037037037036
45.439736,12.33468,0.1292857142857143
45.431744,12.328977,0.1292857142857143
45.438044,12.335933,0.0
45.433311,12.339836,0.2257142857142857
45.432572,12.345072,0.0
45.431005,12.352758,0.0
45.431098,12.352119,-0.05
45.440892,12.33226,0.2518494468494469
45.430994,12.334341,0.12989583333333335
45.441241,12.322661,0.1292857142857143
45.436375,12.332013,0.30166666666666664
45.432962,12.338351,0.0
45.437843,12.33564,0.0
45.429213,12.35598,0.0
45.43333,12.339545,0.25357142857142856
45.437966,12.335877,0.08333333333333333
45.434216,12.339719,0.053684807256235825
45.440825,12.321403,0.12966269841269842
45.440825,12.321403,0.12966269841269842
45.433883,12.339867,0.08154761904761905
45.430191,12.316963,0.0
45.440727,12.333816,0.30476190476190484
45.428565,12.325726,0.0
45.42885,12.321082,0.2
45.438265,12.336627,0.0
45.443825,12.325329,0.0
45.428894,12.325827,0.24583333333333335
45.453681,12.356808,0.0
45.439127,12.335491,-0.15
45.441555,12.320094,0.225
45.438152,12.335683,0.08333333333333333
45.431472,12.328883,0.25
45.435422,12.340452,-0.05
45.440606,12.322432,0.49
45.439206,12.321059,0.09523809523809523
45.431587,12.328484,0.10064102564102564
45.438894,12.337689,0.0
45.429834,12.318935,0.0
45.441574,12.323877,0.0
45.437357,12.333859,0.0
45.437357,12.333859,0.0
45.443633,12.339506,0.0
45.426649,12.337566,-0.06666666666666667
45.425583,12.3306,0.0
45.433899,12.344733,0.0
45.437527,12.327893,0.0
45.436761,12.303366,0.0
45.444894,12.322858,0.0
45.444149,12.324833,0.0
45.43755,12.35183,0.0
45.433409,12.339899,0.125
45.437825,12.31865,0.0
45.441067,12.322173,0.0
45.43355,12.344866,-0.06666666666666667
45.435066,12.3427,0.0
45.433866,12.342333,0.0
45.437963,12.335752,0.0
45.438027,12.335777,0.08333333333333333
45.438163,12.336069,0.0
45.438044,12.337452,-0.09027777777777778
45.44105,12.320941,0.0
45.44105,12.320941,0.16666666666666666
45.437949,12.318913,0.125
45.438152,12.316746,0.5
45.437866,12.317315,0.5
45.437949,12.318913,0.08854166666666667
45.437949,12.318913,0.13541666666666666
45.437963,12.335629,0.19061771561771562
45.437963,12.335629,0.19061771561771562
45.432545,12.343375,0.0
45.431205,12.336187,0.0
45.437886,12.336086,0.08333333333333333
45.436421,12.331852,0.0
45.436421,12.331852,0.4
45.431165,12.327861,0.08666666666666667
45.440496,12.323902,-0.05
45.431647,12.328419,0.1292857142857143
45.438105,12.335913,0.1292857142857143
45.436776,12.311446,0.0
45.43496,12.328376,0.5
45.434087,12.338976,0.2041666666666667
45.431947,12.337102,0.85
45.432325,12.327969,0.0
45.438393,12.342141,0.6
45.430723,12.336273,0.0
45.438017,12.335994,0.08111111111111112
45.430503,12.329599,0.0
45.433515,12.324782,0.0
45.445588,12.344716,0.4
45.437836,12.335457,0.0
45.433665,12.340929,0.0
45.438145,12.335962,0.55
45.431098,12.334932,0.06701388888888889
45.43425,12.349919,0.046780303030303026
45.43425,12.349919,0.046780303030303026
45.433522,12.341004,0.0
45.438944,12.342952,-0.16106060606060607
45.431419,12.335836,0.0
45.447022,12.318452,0.0
45.433377,12.340533,-0.30000000000000004
45.439105,12.320263,0.5
45.439336,12.3204,-0.25
45.433163,12.339933,0.0
45.437958,12.336091,0.0
45.437038,12.334105,0.0
45.437958,12.336091,0.0
45.437038,12.334105,0.0
45.437958,12.336091,0.0
45.437038,12.334105,0.0
45.43505,12.338225,0.0
45.437038,12.334105,0.0
45.43803,12.335994,0.0
45.444408,12.324149,0.0
45.443715,12.325469,0.0
45.433175,12.339844,0.21666666666666667
45.431391,12.332754,0.12777777777777777
45.433669,12.334964,0.0
45.437572,12.319321,0.0
45.433846,12.341637,0.016666666666666673
45.433816,12.341895,-0.008333333333333326
45.433289,12.339856,0.15
45.440444,12.338347,0.0
45.440333,12.338091,0.0
45.440374,12.338325,0.0
45.431633,12.328897,0.23761806375442737
45.437766,12.335838,0.15126488095238097
45.432833,12.3275,-0.0625
45.428999,12.334166,0.06352813852813853
45.431647,12.332818,0.2
45.438051,12.335779,0.17399068322981365
45.431873,12.328988,0.4
45.43788,12.336005,0.32999999999999996
45.441535,12.315298,0.0
45.441535,12.315298,0.0
45.436782,12.332486,0.0
45.438045,12.335886,0.02453231292517007
45.432272,12.336713,0.0
45.434938,12.312411,0.0
45.438886,12.33588,0.225
45.431675,12.328938,0.2
45.437911,12.318753,0.0
45.437937,12.318409,0.0
45.432153,12.327763,0.25
45.44428,12.339191,-0.25
45.427505,12.333536,0.0
45.442597,12.325408,0.0
45.447763,12.309997,0.085
45.436786,12.347508,0.0
45.433155,12.324452,0.0
45.443311,12.339666,0.0
45.441594,12.324469,0.0
45.441627,12.324105,0.0
45.441566,12.323947,0.0
45.433281,12.340253,0.0
45.434117,12.338268,0.25
45.436812,12.33344,0.2
45.431127,12.310366,0.0
45.441068,12.322808,0.0
45.43749,12.328748,0.6
45.432905,12.347927,0.0
45.434508,12.339234,0.0
45.432622,12.332513,0.0
45.433093,12.346787,0.125
45.443938,12.340538,0.0
45.431572,12.341638,0.0
45.428808,12.322819,0.0
45.428808,12.322819,0.0
45.428808,12.322819,0.0
45.428808,12.322819,0.0
45.443938,12.340538,0.0
45.443888,12.340277,0.0
45.443938,12.340538,0.0
45.43694,12.334824,0.3408901515151515
45.432799,12.338397,0.0
45.428801,12.320673,0.08183333333333334
45.440905,12.306375,0.0
45.4289,12.354383,0.043506493506493514
45.438099,12.335844,0.14661862527716185
45.438099,12.335844,0.12672841864018333
45.433259,12.340221,0.13442350332594233
45.441735,12.319965,-0.125
45.4386,12.3267,0.0
45.433653,12.341048,0.0
45.433259,12.340221,0.11125751563251564
45.433202,12.339988,0.0
45.442116,12.32652,0.15619047619047619
45.435219,12.333869,0.0
45.431783,12.328934,0.45
45.434269,12.331422,0.0
45.441216,12.33421,0.0
45.438084,12.318495,-0.07936507936507936
45.433349,12.340221,0.14526041666666667
45.442377,12.31895,0.0
45.451343,12.348478,0.0
45.441255,12.319725,0.1755952380952381
45.437607,12.333059,0.3333333333333333
45.437746,12.335425,0.0
45.432425,12.338468,0.0
45.437249,12.335264,0.15555555555555556
45.437738,12.335414,0.1695436507936508
45.437045,12.33417,0.1695436507936508
45.435991,12.330619,0.1695436507936508
45.431324,12.331262,0.15323660714285714
45.441698,12.331455,0.15323660714285714
45.441254,12.322711,0.15323660714285714
45.441254,12.322711,0.15323660714285714
45.434366,12.338988,0.0
45.434366,12.338988,0.0
45.434366,12.338988,0.0
45.434366,12.338988,0.0
45.434366,12.338988,0.0
45.434366,12.338988,0.0
45.434366,12.338988,0.0
45.434366,12.338988,0.0
45.434366,12.338988,0.0
45.4381,12.336016,0.0
45.4381,12.336016,0.0
45.4381,12.336016,0.0
45.4381,12.336016,0.0
45.4381,12.336016,0.0
45.4381,12.336016,0.0
45.4381,12.336016,0.0
45.4381,12.336016,0.0
45.438099,12.335844,0.12672841864018333
45.436353,12.337775,0.13778409090909088
45.433259,12.340221,0.11125751563251561
45.433259,12.340221,0.11125751563251561
45.433259,12.340221,0.11125751563251561
45.433259,12.340221,0.11125751563251561
45.433259,12.340221,0.11170082157985382
45.431783,12.336423,0.2333333333333333
45.440697,12.333548,0.0
45.442261,12.326147,-0.16666666666666666
45.437852,12.335905,0.6
45.441555,12.330865,0.16500305250305247
45.431753,12.328891,0.15837797619047617
45.438401,12.318763,0.1
45.433702,12.340988,0.0767857142857143
45.431734,12.328923,0.0
45.430883,12.352113,0.06552197802197803
45.429893,12.350467,-0.1
45.439908,12.335882,0.18601190476190477
45.432777,12.33815,0.21428571428571427
45.44032,12.321381,0.15000000000000002
45.435165,12.328538,0.0
45.431825,12.328634,0.0
45.441608,12.323797,0.06552197802197803
45.436044,12.322625,0.0666666666666667
45.431616,12.32885,-0.16666666666666666
45.431616,12.32885,0.1349206349206349
45.437008,12.344252,-0.13333333333333333
45.438024,12.33593,-0.16666666666666666
45.442058,12.332794,-0.16666666666666666
45.432469,12.355711,0.0
45.433419,12.340819,0.18657873376623377
45.431666,12.328944,0.06552197802197803
45.433319,12.339727,0.205
45.433344,12.341341,0.0
45.438212,12.335865,0.0
45.434188,12.336885,0.30372023809523807
45.433194,12.339875,0.5416666666666666
45.433921,12.341015,0.0
45.438008,12.336027,0.0732142857142857
45.433936,12.343461,0.0
45.433936,12.343461,0.0
45.431346,12.330286,0.5
45.438092,12.335801,0.5
45.437983,12.3359,0.2222222222222222
45.433571,12.32694,0.0
45.431662,12.332711,0.0
45.452844,12.351169,0.4166666666666667
45.453238,12.351613,-0.03333333333333333
45.431597,12.328894,0.20833333333333334
45.433627,12.341,0.4166666666666667
45.438647,12.335641,0.2222222222222222
45.437905,12.335291,0.2271374458874459
45.438664,12.30473,0.0
45.438453,12.304816,0.0
45.438242,12.304601,0.0
45.434972,12.354933,0.0
45.438936,12.335677,0.23256493506493509
45.438935,12.338751,0.3666666666666667
45.43417,12.338204,0.0
45.437983,12.3359,0.2222222222222222
45.440124,12.33447,0.11755952380952381
45.442067,12.324814,0.11755952380952381
45.442307,12.329428,0.11755952380952381
45.430766,12.334567,0.25
45.439552,12.308653,0.0
45.44023,12.334449,0.43333333333333335
45.431105,12.341229,0.09523809523809523
45.437158,12.334814,0.0
45.43788,12.33578,0.275
45.431713,12.328958,0.25
45.435733,12.328977,0.0
45.432445,12.337174,0.0
45.432009,12.328376,0.06547619047619047
45.434391,12.338644,0.0
45.4311,12.333119,0.012499999999999997
45.436888,12.33387,0.0
45.433996,12.344298,0.0
45.44032,12.321381,0.0
45.43796,12.335307,0.3125
45.433333,12.340069,0.0
45.433333,12.340775,0.23968253968253966
45.431683,12.328963,0.0
45.433694,12.340989,0.19282608695652176
45.43488,12.34068,0.0
45.432617,12.340689,0.0034863945578231326
45.434786,12.335963,0.0
45.432083,12.329486,0.26666666666666666
45.434087,12.340822,0.0
45.431693,12.32887,0.0
45.43428,12.334136,0.1515873015873016
45.433355,12.340165,0.0
45.439453,12.328093,0.0
45.431858,12.328698,0.55
45.433326,12.340393,0.3
45.433183,12.33992,0.0
45.437731,12.335178,0.0
45.433469,12.34082,0.0
45.43428,12.334136,0.15478395061728398
45.44105,12.31498,0.0
45.433165,12.339757,0.625
45.433635,12.342914,0.0
45.429969,12.32593,0.0
45.433239,12.342643,0.3
45.438833,12.334766,0.0
45.431693,12.32887,0.0
45.432415,12.333554,0.0
45.431798,12.339577,0.0
45.431708,12.333011,0.3357142857142857
45.434328,12.340843,0.32499999999999996
45.435999,12.341122,0.0
45.435999,12.341122,0.0
45.435999,12.341122,0.0
45.433251,12.339898,0.16666666666666666
45.433039,12.33936,0.1
45.434132,12.340199,0.0
45.434132,12.340199,0.0
45.43429,12.338011,0.0
45.43429,12.338011,0.0
45.434328,12.340843,0.12941919191919193
45.43423,12.340843,0.12941919191919193
45.43423,12.340843,0.12941919191919193
45.433039,12.33936,0.0
45.433274,12.33329,0.0
45.434044,12.332966,0.0
45.44099,12.328408,0.0
45.437622,12.3378,0.0
45.431324,12.333823,0.0
45.435796,12.340196,0.0
45.452422,12.313208,0.0
45.432666,12.349274,0.0
45.433164,12.324853,0.0
45.434553,12.336428,0.0
45.431429,12.335361,0.0
45.433052,12.33565,0.0
45.431364,12.352386,0.0
45.431364,12.352386,0.0
45.431567,12.351484,0.0
45.431567,12.351484,0.6
45.431138,12.352439,0.0
45.430894,12.334961,0.25
45.434102,12.34079,0.445
45.434394,12.342244,0.0
45.435738,12.329233,0.0
45.436897,12.335477,0.0
45.437033,12.335284,0.0
45.437433,12.334433,0.0
45.437816,12.335166,-0.075
45.433793,12.342259,0.0
45.436836,12.329086,0.0
45.433941,12.340913,0.0
45.433469,12.340927,0.0
45.433483,12.340788,0.0
45.438133,12.335534,0.0
45.437941,12.333522,0.0
45.43971,12.337388,0.0
45.433319,12.340425,0.0
45.430572,12.329775,0.0
45.430672,12.329847,0.0
45.440606,12.326692,0.5
45.440606,12.326692,0.0
45.440606,12.326692,0.5
45.442834,12.32607,0.0
45.437839,12.335992,0.010416666666666664
45.434286,12.336941,0.0
45.435763,12.339886,0.0
45.4357,12.339913,0.02321428571428571
45.431605,12.335108,0.0
45.433216,12.340027,0.0
45.442116,12.32683,0.0
45.433736,12.340875,0.0
45.438071,12.335842,-0.4
45.431098,12.335554,0.5
45.431098,12.335554,0.0
45.431098,12.335554,0.0
45.436983,12.334525,0.0
45.437002,12.340622,0.0
45.433736,12.34255,0.0
45.434922,12.342113,0.0
45.438822,12.323602,0.028571428571428574
45.440158,12.334577,0.0
45.437999,12.335813,0.0
45.434983,12.340507,-0.125
45.433867,12.34362,-0.043333333333333335
45.434974,12.340652,0.0
45.434287,12.336697,0.0
45.433372,12.340275,0.0
45.434122,12.336885,0.0
45.434958,12.340527,-0.1
45.433643,12.340832,0.0
45.43411,12.340305,-0.1
45.43411,12.340305,0.0
45.43411,12.340305,0.0
45.43016,12.326223,0.0
45.434202,12.336961,0.0
45.435441,12.336422,-0.1
45.435436,12.33819,-0.1
45.437629,12.335802,-0.1
45.437428,12.335597,0.0
45.435527,12.32833,0.5
45.436646,12.335704,-0.125
45.433907,12.33492,0.0
45.434143,12.33702,-0.05
45.43875,12.337078,0.0
45.433682,12.340978,-0.1
45.43015,12.326166,0.0
45.432377,12.32174,0.275
45.438238,12.336522,0.0
45.431961,12.334961,0.3285714285714286
45.431113,12.334932,0.0
45.441647,12.333547,0.26785714285714285
45.439433,12.339147,0.26785714285714285
45.436711,12.341905,0.26785714285714285
45.4366,12.34435,0.26785714285714285
45.43408,12.344316,0.205078125
45.434916,12.34045,0.1527777777777778
45.435038,12.340422,0.1527777777777778
45.434108,12.341144,0.1527777777777778
45.435038,12.340422,0.1527777777777778
45.434988,12.340155,0.1527777777777778
45.435519,12.336755,0.26785714285714285
45.437825,12.335705,0.26785714285714285
45.438302,12.335608,0.26785714285714285
45.438302,12.335608,0.26785714285714285
45.438119,12.323819,0.26785714285714285
45.433208,12.336094,0.018750000000000003
45.431797,12.326997,0.22539682539682537
45.431797,12.326997,0.22539682539682537
45.431625,12.328994,0.22539682539682537
45.431625,12.328994,0.22539682539682537
45.431625,12.328994,0.22539682539682537
45.43188,12.329088,0.23125
45.433208,12.336094,0.11794871794871795
45.433208,12.336094,0.11794871794871795
45.433208,12.336094,0.11794871794871795
45.433208,12.336094,0.11794871794871795
45.432852,12.333118,0.4
45.433773,12.34099,-0.125
45.433236,12.334191,0.0
45.433905,12.33953,0.0
45.433958,12.3392,0.0
45.434611,12.338208,0.0
45.434405,12.335647,0.0
45.433408,12.337586,0.0
45.432055,12.32533,0.0
45.434005,12.339575,0.0
45.434141,12.339436,0.0
45.43733,12.329794,0.0
45.437599,12.336158,0.0
45.434105,12.339947,0.0
45.434405,12.335647,0.0
45.434405,12.335647,0.0
45.434405,12.335647,0.0
45.434894,12.338125,0.0
45.431747,12.327877,0.0
45.433958,12.33973,0.0
45.433958,12.33973,0.0
45.434405,12.335647,0.0
45.434405,12.335647,0.0
45.434405,12.335647,0.0
45.432713,12.332333,0.0
45.437872,12.335952,0.0
45.438355,12.343555,0.0
45.437222,12.330002,0.0
45.431747,12.327877,0.0
45.440419,12.33653,0.0
45.434894,12.338125,0.0
45.434588,12.338811,0.0
45.431747,12.327877,0.0
45.434661,12.337752,0.0
45.434661,12.337752,0.0
45.434405,12.335647,0.0
45.438355,12.343555,0.0
45.434405,12.335647,0.0
45.440419,12.33653,0.0
45.436869,12.325258,0.0
45.434661,12.337752,0.0
45.431747,12.327877,0.0
45.435972,12.327427,0.0
45.436975,12.325263,0.0
45.440419,12.33653,0.0
45.434661,12.337752,0.0
45.434661,12.337752,0.0
45.440419,12.33653,0.0
45.436069,12.327252,0.0
45.434894,12.338125,0.0
45.434661,12.337752,0.0
45.434661,12.337752,0.0
45.433361,12.340363,0.0
45.434405,12.335647,0.0
45.433419,12.34028,0.0
45.440419,12.33653,0.0
45.434661,12.337752,0.0
45.436022,12.328019,0.0
45.438355,12.343555,0.0
45.43733,12.329794,0.0
45.440419,12.33653,0.0
45.434661,12.337752,0.0
45.433958,12.33973,0.0
45.434661,12.337752,0.0
45.431747,12.327877,0.0
45.436022,12.328019,0.0
45.431747,12.327877,0.0
45.433177,12.339981,0.0
45.436154,12.340165,-0.10000000000000002
45.433773,12.34099,-0.01333333333333333
45.433618,12.340897,0.0
45.433379,12.340693,0.0
45.433505,12.340677,0.075
45.434764,12.350077,0.4625
45.433266,12.332839,0.0
45.433105,12.339788,0.0
45.433619,12.340838,0.425
45.433436,12.337005,0.0
45.432161,12.336722,0.0
45.432413,12.336191,0.0
45.432255,12.3363,0.0
45.431577,12.335063,0.0
45.43268,12.335663,0.0
45.432194,12.336702,0.0
45.432166,12.336644,0.0
45.433511,12.337091,0.0
45.433113,12.333502,0.0
45.433419,12.337125,0.0
45.443283,12.32503,0.0
45.44325,12.324925,0.0
45.443186,12.324802,0.0
45.443336,12.324866,0.0
45.44233,12.323619,0.0
45.442036,12.323047,0.0
45.442069,12.323019,0.0
45.442024,12.320519,0.0
45.441955,12.320516,0.0
45.436577,12.335808,0.0
45.434401,12.338394,0.0
45.434172,12.33685,0.0
45.434122,12.336963,0.3
45.437261,12.334233,-0.11666666666666668
45.439002,12.335694,0.0
45.440269,12.335156,0.0
45.438447,12.335994,0.19
45.433063,12.340005,0.0
45.433773,12.34099,0.30000000000000004
45.434281,12.336923,0.0
45.435237,12.340496,0.0
45.435237,12.340496,0.0
45.4333,12.339802,-0.32000000000000006
45.430849,12.337152,0.5
45.434599,12.337893,0.0
45.437066,12.335033,0.5
45.433069,12.335505,0.0
45.433222,12.333083,0.0
45.433241,12.333508,-0.15555555555555556
45.436496,12.338933,0.0
45.433457,12.341592,0.0
45.433951,12.343214,0.08214285714285716
45.435647,12.333611,0.0
45.433405,12.339942,0.22499999999999998
45.438251,12.31849,0.3333333333333333
45.442061,12.342277,-0.125
45.43785,12.336016,0.5
45.437983,12.335477,0.5
45.438063,12.335522,0.0
45.43233,12.329794,-0.2
45.436428,12.332496,0.0
45.436228,12.332661,0.5
45.440227,12.3211,0.0
45.434883,12.340594,0.0
45.433702,12.341016,0.0
45.433415,12.34035,0.0
45.433492,12.340875,0.0
45.43813,12.335951,0.0
45.433274,12.332196,0.0
45.435833,12.328833,0.25
45.432441,12.338058,0.0
45.432466,12.329766,0.0
45.435436,12.338219,0.0
45.439294,12.341069,-0.13333333333333333
45.43048,12.32602,0.0
45.443584,12.325804,0.0
45.435352,12.333912,0.0
45.438273,12.32804,0.0
45.434147,12.334374,0.0
45.434163,12.337036,0.0
45.434163,12.336855,0.0
45.433778,12.343171,0.5666666666666667
45.438107,12.335919,0.29
45.433447,12.340619,0.3163690476190476
45.438075,12.335727,0.0
45.430099,12.337072,0.15555555555555556
45.434063,12.33511,0.08750000000000001
45.436388,12.333055,0.5
45.436866,12.335586,0.4111111111111111
45.433097,12.339416,0.0
45.433097,12.339416,0.1522222222222222
45.433172,12.339563,0.4666666666666666
45.433888,12.337222,0.078125
45.441038,12.322811,0.5
45.440088,12.321772,0.16844387755102042
45.437829,12.335606,0.0
45.434079,12.332142,0.0
45.436827,12.330994,0.1
45.440363,12.324113,-0.1
45.440436,12.334466,0.625
45.435382,12.328011,0.3333333333333333
45.438005,12.340541,0.2888888888888889
45.432433,12.354383,0.0
45.437788,12.337011,0.0
45.433127,12.339933,0.0
45.433823,12.342613,0.0
45.433823,12.342613,0.0
45.433823,12.342613,0.0
45.433823,12.342613,0.0
45.43432,12.339223,0.0
45.43432,12.339223,0.0
45.43432,12.339223,0.0
45.43432,12.339223,0.0
45.433914,12.342227,0.0
45.43368,12.340972,0.0
45.433914,12.342227,0.0
45.433582,12.339663,0.0
45.433823,12.342613,0.0
45.433914,12.342227,0.0
45.433161,12.333376,0.0
45.43286,12.333794,0.0
45.431662,12.329041,0.5
45.433379,12.340339,0.3333333333333333
45.434267,12.336927,0.0
45.434875,12.335955,0.0
45.434869,12.33603,0.0
45.434905,12.336072,0.0
45.434372,12.336611,0.0
45.434147,12.337019,0.0
45.433856,12.343148,0.0
45.4345,12.340547,0.1
45.436322,12.340377,0.0
45.436322,12.340377,0.0
45.4315,12.332666,0.5
45.433465,12.340272,0.0
45.433465,12.340101,0.0
45.433936,12.343386,0.0
45.433644,12.334911,-0.00347222222222221
45.439071,12.335565,0.0
45.436737,12.333269,0.5
45.429486,12.323698,0.0
45.433846,12.338236,0.0
45.434162,12.338086,0.0
45.438094,12.336036,0.0
45.437622,12.335791,0.0
45.434128,12.340808,0.5
45.433457,12.341592,0.0
45.433457,12.341592,0.0
45.434832,12.340672,0.25
45.430917,12.32931,-0.125
45.430917,12.32931,-0.125
45.43433,12.336755,0.0
45.438886,12.337152,0.0
45.436217,12.322647,0.0
45.431003,12.334972,0.0
45.438153,12.335969,0.2777777777777778
45.435382,12.328011,0.06547619047619048
45.432648,12.327641,0.0
45.430216,12.32613,0.0
45.430202,12.32608,0.0
45.437977,12.342963,0.5
45.437896,12.335683,0.36197916666666663
45.433299,12.340483,0.0
45.43832,12.337844,0.0
45.436302,12.339322,0.85
45.433093,12.339792,0.0
45.437664,12.335889,0.2
45.437799,12.336097,0.25
45.431334,12.341786,0.1
45.43188,12.34318,0.0
45.435208,12.328202,0.0
45.43535,12.327997,0.0
45.432102,12.328461,0.121875
45.428663,12.353031,0.007397959183673469
45.440094,12.321885,0.04999999999999999
45.44866,12.345982,0.0
45.44857,12.329256,0.0
45.448517,12.329492,0.0
45.435907,12.344321,-0.1
45.449072,12.329041,0.0
45.431433,12.328291,0.5
45.431622,12.348625,0.0
45.432127,12.345061,0.0
45.432133,12.344608,0.0
45.432019,12.343736,0.0
45.431955,12.343316,0.0
45.431308,12.341288,0.0
45.431308,12.341288,0.0
45.431308,12.341288,0.0
45.431258,12.341188,0.0
45.431013,12.340694,0.0
45.430969,12.34055,0.0
45.429836,12.338208,0.0
45.429836,12.338208,0.0
45.429836,12.338208,0.0
45.429836,12.338208,0.0
45.429833,12.338194,0.0
45.431652,12.328927,0.25
45.442091,12.323,0.0
45.431944,12.328736,0.0
45.438107,12.336037,0.34444444444444444
45.432833,12.346738,0.0
45.430166,12.351833,0.0
45.426694,12.356272,0.0
45.426663,12.356188,0.0
45.42818,12.322238,0.0
45.429508,12.342171,0.0
45.433394,12.342839,0.0
45.431843,12.340114,0.0
45.431843,12.340114,0.0
45.430941,12.337036,0.0
45.431091,12.334394,0.0
45.431066,12.33438,0.0
45.433091,12.343279,0.0
45.433861,12.325477,0.0
45.431738,12.325875,0.0
45.432891,12.348441,0.0
45.429381,12.327218,0.0
45.442496,12.32872,0.0
45.441186,12.32269,0.0
45.443305,12.325572,0.0
45.442719,12.325911,0.0
45.445672,12.320319,0.09999999999999999
45.437839,12.335992,0.087847866419295
45.435434,12.331069,0.0
45.436744,12.333204,0.5
45.431309,12.332943,0.0
45.441766,12.331377,0.0
45.433153,12.339706,0.41818181818181815
45.431275,12.340825,-0.0365
45.441558,12.332,0.325
45.434855,12.327547,0.0
45.437666,12.335544,0.0
45.436836,12.333869,0.0
45.437472,12.335197,0.0
45.441063,12.322861,0.5
45.448886,12.345961,0.0
45.44233,12.325985,0.0
45.440136,12.334486,0.0
45.43843,12.336083,0.0
45.435141,12.328261,0.0
45.43843,12.336083,0.0
45.431658,12.345988,0.0
45.435802,12.330469,0.0
45.436911,12.334038,0.0
45.431622,12.328677,0.0
45.431691,12.328936,0.0
45.437881,12.335669,-0.22666666666666666
45.433886,12.338936,0.06986689385882933
45.425549,12.33205,0.0
45.441284,12.32225,0.3630952380952381
45.431662,12.328848,0.07878787878787878
45.432679,12.340189,0.3805194805194805
45.440669,12.322194,0.020707070707070688
45.432039,12.329449,0.316025641025641
45.432897,12.344766,0.0
45.430804,12.350775,0.0
45.432363,12.34717,0.0
45.430804,12.350775,0.0
45.432363,12.34717,0.0
45.430804,12.350775,0.0
45.438032,12.335851,0.15
45.437941,12.336187,0.34782051282051285
45.431658,12.328944,0.125
45.428216,12.339488,0.3
45.428937,12.322983,0.0
45.433638,12.341022,0.3
45.440374,12.321388,0.0
45.444618,12.342538,0.0
45.444618,12.342538,0.0
45.442481,12.329514,0.09999999999999999
45.442481,12.329514,0.09999999999999999
45.442481,12.329514,0.09999999999999999
45.444618,12.342538,0.0
45.444618,12.342538,0.0
45.444618,12.342538,0.0
45.444618,12.342538,0.0
45.444618,12.342538,0.0
45.444618,12.342538,0.0
45.445778,12.344352,0.0
45.430266,12.319361,0.0
45.430286,12.3195,0.0
45.430336,12.31988,0.0
45.430338,12.319997,0.0
45.453086,12.355767,0.0
45.453086,12.355767,0.0
45.453086,12.355767,0.0
45.453086,12.355767,0.0
45.451235,12.349265,0.0
45.435194,12.344384,0.02321428571428571
45.436151,12.331316,0.16666666666666666
45.435172,12.327411,0.25
45.43368,12.34035,0.0
45.437866,12.335801,0.37878787878787873
45.429991,12.35522,0.2
45.438105,12.336198,0.5
45.445477,12.321327,0.0
45.437497,12.335082,-0.04333333333333334
45.444263,12.324508,0.0
45.433696,12.326905,0.375
45.432084,12.337217,0.0
45.443873,12.325061,0.5
45.436195,12.33182,0.0
45.429211,12.326338,0.0
45.429255,12.327138,0.0
45.431785,12.328934,0.0
45.439872,12.320833,0.0
45.429009,12.329082,0.06314285714285714
45.436597,12.332025,0.0
45.441369,12.330644,0.0
45.43523,12.32817,0.0
45.440869,12.321683,0.3333333333333333
45.441052,12.322544,0.0
45.438411,12.319102,0.0
45.431811,12.328923,0.5
45.427256,12.332389,0.0
45.431876,12.328151,0.5
45.451317,12.348847,0.0
45.438077,12.335833,0.0
45.433454,12.340414,0.0
45.43853,12.317119,0.0
45.43853,12.317119,0.0
45.431258,12.330726,0.5
45.442122,12.32565,0.0
45.430985,12.318742,0.2
45.432912,12.339738,0.0
45.43228,12.349877,0.2
45.434674,12.327336,0.0
45.431745,12.334953,0.0
45.43383,12.33955,0.0
45.434066,12.338258,0.0
45.433747,12.339436,0.0
45.43,12.321872,0.0
45.433747,12.339438,0.0
45.42953,12.323194,0.0
45.435291,12.328076,0.2
45.431489,12.352699,0.0
45.438088,12.335652,0.5
45.427213,12.325029,0.0
45.431105,12.311167,1.0
45.435591,12.327475,0.0
45.432144,12.328805,0.39568452380952385
45.431163,12.333572,0.5
45.435502,12.329305,0.0
45.431474,12.328764,-0.16666666666666666
45.432288,12.337233,0.25
45.432061,12.337777,-0.25
45.432747,12.347002,0.0
45.433383,12.342166,0.5
45.430428,12.355821,0.0
45.435647,12.328702,0.0
45.435647,12.328702,0.5
45.429144,12.326477,0.5
45.437279,12.330329,0.0
45.438092,12.322894,0.0
45.438047,12.321338,0.0
45.443119,12.32596,0.0
45.431708,12.328934,0.5
45.43343,12.342908,0.0
45.438536,12.351711,0.0
45.433605,12.344141,0.0
45.433627,12.34415,0.0
45.433439,12.343826,0.3
45.433168,12.343504,0.0625
45.432972,12.343225,0.0625
45.432686,12.342839,0.0625
45.439605,12.320855,0.0
45.442413,12.326509,-0.2
45.442571,12.328301,0.0
45.447748,12.334308,0.0
45.440221,12.34626,0.0
45.449172,12.330919,0.0
45.43033,12.338149,0.1
45.427896,12.334319,0.5
45.427776,12.333825,0.5
45.42758,12.332098,0.08125
45.427527,12.331497,0.08125
45.427791,12.329738,0.28125
45.427949,12.328954,0.28125
45.428069,12.328268,0.28125
45.429237,12.326057,0.0
45.438903,12.319438,0.03333333333333333
45.43295,12.322593,0.01948051948051948
45.43831,12.33609,0.19999999999999998
45.440019,12.321016,0.45
45.440606,12.334352,0.5
45.440584,12.322164,0.45
45.44163,12.323012,0.475
45.433198,12.339448,0.13472222222222222
45.429434,12.350285,0.22857142857142856
45.440606,12.334352,0.5700000000000001
45.430947,12.332732,0.5
45.432295,12.328505,0.375
45.429441,12.343257,0.23333333333333334
45.430864,12.336305,0.5
45.438054,12.336015,0.0
45.437851,12.335532,0.30416666666666664
45.442518,12.326284,0.55
45.441622,12.323849,0.34375
45.441299,12.322239,0.5
45.431572,12.337217,0.0
45.430757,12.33462,0.0
45.431619,12.328711,0.07142857142857142
45.433424,12.340736,0.0
45.437911,12.335243,0.1
45.431048,12.333054,0.16666666666666666
45.427542,12.329106,0.0
45.433366,12.344212,0.0
45.442315,12.328859,0.0
45.440427,12.333838,0.0
45.441916,12.330329,0.43333333333333335
45.443211,12.338722,0.0
45.441741,12.325019,0.0
45.445394,12.321072,0.0
45.441741,12.325019,0.0
45.440844,12.322386,0.0
45.440522,12.321802,0.0
45.43988,12.32195,0.0
45.4443,12.324141,0.0
45.444683,12.323536,0.0
45.445169,12.322219,0.0
45.445074,12.322116,0.0
45.446486,12.31963,0.0
45.446486,12.31963,0.0
45.446486,12.31963,0.0
45.448424,12.327305,0.0
45.446666,12.318611,0.0
45.446486,12.31963,0.0
45.448791,12.331186,0.0
45.442941,12.340908,0.0
45.443013,12.340833,0.0
45.447472,12.333041,0.0
45.437919,12.336113,0.0
45.441105,12.321972,0.0
45.433269,12.327363,0.5
45.440872,12.321141,0.0
45.433808,12.310988,0.0
45.438113,12.336041,0.3958333333333333
45.441241,12.323166,0.0
45.440911,12.322141,0.0
45.440861,12.322166,0.0
45.439819,12.317955,0.0
45.433808,12.310988,0.0
45.446338,12.317791,0.0
45.432505,12.340169,0.0
45.432505,12.340169,0.0
45.432505,12.340169,0.0
45.432505,12.340169,0.0
45.432505,12.340169,0.0
45.432505,12.340169,0.0
45.432505,12.340169,0.0
45.432463,12.337602,0.0
45.432505,12.340169,0.0
45.432505,12.340169,0.0
45.432505,12.340169,0.0
45.433411,12.343063,0.0
45.432912,12.341809,0.25
45.436117,12.331069,0.0
45.440511,12.333947,0.5
45.437535,12.335264,0.14360119047619047
45.432604,12.340725,0.0
45.443091,12.3407,0.0
45.439288,12.320211,0.16666666666666666
45.438084,12.335886,0.4666666666666667
45.449952,12.329741,0.0
45.441838,12.330211,0.0
45.431647,12.328366,0.0
45.432644,12.340297,-0.041666666666666664
45.432644,12.340297,-0.041666666666666664
45.432644,12.340297,-0.041666666666666664
45.432644,12.340297,-0.041666666666666664
45.432644,12.340297,-0.041666666666666664
45.432644,12.340297,-0.041666666666666664
45.429946,12.339652,0.11109022556390978
45.438386,12.336102,0.5
45.432127,12.337419,0.0
45.431042,12.335404,0.11666666666666665
45.431437,12.339878,0.0
45.427747,12.329514,0.0
45.444561,12.341236,0.0
45.432957,12.340403,0.0
45.453113,12.353705,0.0
45.432127,12.337419,0.0
45.428755,12.343777,0.07833333333333334
45.434336,12.338783,0.14791666666666664
45.431072,12.334717,0.004761904761904757
45.437851,12.335736,0.15873015873015872
45.438033,12.33593,0.25416666666666665
45.431672,12.351411,0.0
45.437776,12.335811,0.19999999999999998
45.440862,12.333462,0.4
45.441122,12.322708,0.25
45.431964,12.32872,0.3333333333333333
45.436911,12.333972,0.3666666666666667
45.43374,12.341423,0.1
45.425519,12.331963,0.4
45.431732,12.328526,0.3666666666666667
45.434338,12.338783,0.0
45.437949,12.335613,0.0
45.447536,12.344491,0.0
45.432802,12.348319,0.0
45.438599,12.33615,0.0
45.438,12.336,-0.05
45.44125,12.322847,0.5
45.433296,12.340124,-0.033333333333333326
45.431038,12.330308,0.5
45.437183,12.332828,0.0
45.436921,12.333121,0.5
45.436883,12.332983,0.0
45.436885,12.332984,0.5
45.436921,12.333121,0.0
45.436863,12.333088,0.1
45.436921,12.333121,0.5
45.436883,12.332983,0.5
45.436883,12.332983,0.0
45.436883,12.332983,0.0
45.436921,12.333121,0.0
45.436885,12.332984,0.0
45.436921,12.333121,0.5
45.436921,12.333121,0.0
45.436883,12.332983,0.1
45.436863,12.333088,0.2857142857142857
45.436921,12.333121,0.0
45.4416,12.332253,0.25
45.436754,12.333604,0.0
45.436902,12.333033,0.5
45.437188,12.330107,0.0
45.439813,12.335222,0.0
45.446169,12.319891,0.0
45.432113,12.340552,0.06695402298850575
45.444484,12.324063,0.5
45.43187,12.337217,0.0
45.431605,12.328852,0.25
45.430165,12.352047,0.0
45.429729,12.355048,0.0
45.4477,12.345147,0.325
45.437821,12.335865,0.05
45.429733,12.342869,0.0
45.436911,12.333972,0.05433333333333333
45.436911,12.333972,0.18571428571428572
45.431574,12.336338,0.0
45.448564,12.330692,0.0
45.433781,12.343163,0.0
45.431413,12.334318,0.5
45.431413,12.334318,0.5
45.431404,12.333622,0.5
45.434759,12.327054,0.5
45.431413,12.334318,0.5
45.435055,12.327954,0.0
45.435639,12.329379,0.3
45.436688,12.333048,0.29523809523809524
45.431413,12.334318,0.5
45.431367,12.332928,0.0
45.431367,12.332667,0.0
45.427065,12.337382,0.0
45.426794,12.325641,0.0
45.429538,12.341892,0.0
45.426535,12.325766,0.1
45.426062,12.331372,0.0
45.426062,12.331372,0.0
45.427065,12.337382,0.0
45.43317,12.327002,0.2619047619047619
45.440285,12.334163,0.3
45.440285,12.334163,0.3
45.426687,12.336745,0.04000000000000001
45.429393,12.32563,0.0
45.432415,12.340274,0.0
45.431339,12.330697,0.5
45.432761,12.34316,0.0
45.432476,12.340984,0.0
45.437983,12.318997,0.0
45.438694,12.318152,0.0
45.438045,12.319246,0.0
45.438355,12.319096,0.0
45.437983,12.318997,0.05
45.437983,12.318997,0.0
45.439628,12.320888,0.0
45.437685,12.318817,0.0
45.450904,12.350119,0.0
45.440132,12.321521,0.0
45.4324,12.339062,0.25
45.437685,12.318817,0.125
45.439289,12.335393,0.0
45.438057,12.335886,0.25
45.433761,12.342836,0.0
45.441072,12.322688,0.225
45.444877,12.341602,0.0
45.445433,12.342088,0.0
45.451511,12.347869,0.0
45.451483,12.347836,0.0
45.451755,12.349777,0.0
45.453575,12.352336,0.0
45.452713,12.354486,0.0
45.452705,12.354655,0.0
45.452736,12.356655,0.0
45.4313,12.3303,0.5
45.431286,12.330377,0.5
45.438261,12.335319,0.0
45.438156,12.335994,-0.09820936639118459
45.438386,12.336102,0.5
45.431129,12.305932,0.39999999999999997
45.435177,12.327947,0.16666666666666666
45.430769,12.341809,0.0
45.429771,12.337217,0.09523809523809523
45.44098,12.331569,0.5
45.436926,12.334277,0.5
45.439546,12.334899,0.3
45.438824,12.335736,0.25
45.438793,12.336015,0.5
45.4291,12.317319,0.0
45.440712,12.321939,0.5
45.452874,12.354084,0.1
45.452874,12.354084,-0.05
45.453045,12.353778,-0.05
45.453045,12.353778,-0.05
45.433296,12.324846,0.0
45.437666,12.327083,0.0
45.438438,12.33613,0.0
45.433394,12.341247,0.0
45.437738,12.335414,0.5
45.434827,12.349733,0.0
45.452611,12.357288,0.0
45.433289,12.324521,0.0
45.432408,12.350016,0.0
45.438099,12.335962,0.0
45.431377,12.332891,0.0
45.431555,12.329027,0.0
45.439408,12.335644,0.0
45.440475,12.333722,0.0
45.43764,12.348482,0.0
45.442383,12.327303,0.0
45.43825,12.331809,0.039880952380952385
45.433605,12.341455,0.0
45.433367,12.339599,0.8
45.437761,12.3355,0.0
45.428839,12.327218,0.0
45.434202,12.331716,0.0
45.433352,12.340114,0.3
45.4366,12.322783,0.0
45.443469,12.333991,0.0
45.435607,12.347677,0.0
45.437169,12.3308,-0.09999999999999998
45.446122,12.332438,0.0
45.42663,12.32018,0.0
45.426477,12.32068,0.0
45.424875,12.328908,0.0
45.426552,12.320461,0.0
45.443799,12.325569,0.0
45.444805,12.321327,0.0
45.445222,12.320961,0.0
45.437661,12.319894,0.0
45.44263,12.334488,0.0
45.433794,12.321077,0.0
45.447572,12.326738,0.0
45.447355,12.32143,0.0
45.447399,12.318769,0.0
45.435728,12.355193,0.1875
45.435728,12.355193,0.0
45.435728,12.355193,0.0
45.436496,12.351261,0.0
45.437806,12.329556,0.0
45.441118,12.322229,0.2125
45.43173,12.332947,0.15
45.432423,12.33211,0.12999999999999998
45.452845,12.3508,0.45
45.452845,12.3508,0.47500000000000003
45.437904,12.335833,0.4166666666666667
45.433123,12.340757,0.0
45.438092,12.335951,0.31666666666666665
45.434787,12.325716,0.1
45.433364,12.340414,0.0
45.431587,12.328484,-0.09375
45.435944,12.33064,0.0
45.432775,12.332217,0.0
45.43752,12.335211,0.5
45.442804,12.335447,0.0
45.435698,12.355349,-0.1
45.435344,12.355123,0.0
45.4433,12.340242,-0.2277777777777778
45.447486,12.327647,0.0
45.446222,12.332024,0.0
45.437249,12.333827,0.0
45.437821,12.327915,0.0
45.431482,12.320587,0.0
45.431926,12.320544,0.0
45.440531,12.327647,0.0
45.432194,12.349975,0.0
45.44507,12.326327,0.0
45.433138,12.3355,0.0
45.442331,12.332732,0.0
45.431656,12.351486,0.1603703703703704
45.453574,12.351883,0.0
45.453755,12.352291,0.0
45.453755,12.352291,0.0
45.45282,12.354104,0.0
45.452113,12.350327,0.0
45.429238,12.325694,0.0
45.449607,12.344684,0.0
45.449607,12.344684,0.0
45.43739,12.334642,0.0
45.431463,12.320755,0.0
45.439643,12.335436,0.05
45.437971,12.33565,0.05416666666666667
45.431729,12.324806,0.0
45.431729,12.324806,0.0
45.444686,12.342431,0.0
45.433189,12.324297,0.0
45.434197,12.33695,0.0
45.431301,12.322829,0.0
45.436195,12.341465,0.0
45.432664,12.338043,0.0
45.438303,12.33668,0.3
45.444299,12.332485,0.0
45.431866,12.335938,0.0
45.431971,12.320533,0.0
45.431617,12.332185,0.0
45.438822,12.336004,0.39814814814814814
45.440606,12.333493,0.41666666666666674
45.433477,12.350628,0.0
45.433484,12.350628,0.0
45.439947,12.335618,0.4772727272727273
45.439777,12.33363,0.0
45.438026,12.328419,0.0
45.432137,12.325479,0.0
45.432204,12.333505,-0.08333333333333333
45.446681,12.323935,-0.08333333333333333
45.432325,12.323677,0.0
45.432867,12.326209,0.0
45.437638,12.335519,0.0
45.442014,12.338998,-0.08333333333333333
45.437904,12.342227,-0.08333333333333333
45.446681,12.323935,-0.08333333333333333
45.431738,12.329011,0.2477777777777778
45.437926,12.326595,0.0
45.438123,12.328577,0.25
45.431149,12.334296,0.0
45.431149,12.334296,0.0
45.431149,12.334296,0.0
45.431149,12.334296,0.0
45.431149,12.334296,0.0
45.431149,12.334296,0.0
45.431149,12.334296,0.0
45.430217,12.325834,0.0
45.434705,12.336894,-0.1
45.434998,12.348815,0.0
45.431636,12.32893,0.37083333333333335
45.445144,12.337497,0.1
45.44032,12.321381,0.2833333333333334
45.431015,12.324428,-0.08333333333333333
45.437384,12.328848,0.05
45.433826,12.345766,0.2036111111111111
45.443188,12.336251,-0.2
45.429783,12.32525,0.0
45.435436,12.320319,0.0
45.433419,12.320227,0.0
45.43356,12.341723,0.0
45.43767,12.334792,0.0
45.433439,12.340553,0.0
45.442314,12.336862,0.0
45.44032,12.321381,0.0
45.439537,12.341187,0.0
45.436187,12.357076,0.246875
45.437753,12.342517,0.13958333333333334
45.43106,12.335457,0.09999999999999999
45.452828,12.354124,0.0
45.428801,12.333247,0.0
45.437623,12.334571,0.0
45.440321,12.321382,0.0
45.445017,12.326231,0.0
45.433989,12.356625,0.0
45.432423,12.349673,0.0
45.433857,12.343418,0.0
45.440124,12.33447,0.0
45.436571,12.335629,0.0
45.437324,12.335286,0.0
45.438177,12.335808,0.0
45.432182,12.339041,0.0
45.432182,12.339041,0.0
45.434276,12.329273,0.0
45.430969,12.326273,0.4
45.432869,12.324282,0.4
45.430955,12.319227,0.0
45.432701,12.337732,0.21454545454545454
45.433658,12.345344,0.0
45.432701,12.321574,0.0
45.439342,12.326402,0.0
45.441698,12.333676,0.0
45.438977,12.325869,0.0
45.432962,12.323366,0.0
45.437971,12.335479,-0.022222222222222216
45.443467,12.335565,0.0
45.433138,12.35728,0.0
45.430795,12.334543,0.0
45.430923,12.336187,0.0
45.432317,12.349812,0.0
45.433161,12.329884,-0.09999999999999999
45.438423,12.337088,0.0
45.431241,12.333998,-0.5
45.431677,12.328913,0.08206349206349207
45.442451,12.341744,0.325
45.430636,12.343708,0.0
45.43819,12.33565,0.0
45.437964,12.335929,0.0
45.437889,12.336294,0.0
45.441856,12.329149,0.75
45.437475,12.33078,0.0
45.433695,12.345371,-0.5
45.437663,12.335736,0.1
45.439507,12.339255,-0.5
45.44504,12.329535,-0.08333333333333333
45.441133,12.32902,0.0
45.444927,12.332625,0.0
45.433552,12.341701,0.0
45.439,12.335833,0.4
45.439167,12.336167,0.0
45.433439,12.34035,0.0
45.444044,12.325012,0.15
45.438088,12.336294,0.0
45.438212,12.336133,0.0
45.441888,12.336672,0.0
45.441888,12.336672,0.0
45.441888,12.336672,0.0
45.438057,12.336398,0.2
45.437309,12.323741,0.0
45.433597,12.342474,0.0
45.438205,12.335972,0.0
45.433477,12.340425,0.0
45.437964,12.335908,0.0
45.436059,12.331509,0.0
45.435427,12.333719,0.0
45.436917,12.334256,0.0
45.441818,12.319064,0.0
45.431128,12.3355,0.0
45.442134,12.330039,0.19999999999999998
45.432511,12.349641,0.0
45.434943,12.335774,0.0
45.434943,12.335774,0.0
45.439802,12.333816,-0.012499999999999997
45.436044,12.331702,0.0
45.432547,12.355987,0.0
45.4437,12.325544,0.0
45.443711,12.325426,0.0
45.441924,12.330425,0.0
45.44119,12.332303,0.0
45.441359,12.332067,0.0
45.438314,12.336176,0.0
45.438401,12.340028,0.0
45.443497,12.331609,0.0
45.443519,12.330901,0.0
45.437919,12.335886,0.0
45.431553,12.337968,0.0
45.431357,12.331552,0.0
45.43263,12.346063,0.26394557823129255
45.430499,12.320833,0.0
45.433556,12.31018,-0.08333333333333333
45.449767,12.341895,0.10714285714285714
45.44358,12.334449,0.0
45.440629,12.330973,0.0
45.446222,12.328666,0.0
45.430804,12.336337,0.0
45.437954,12.335962,0.40625
45.440809,12.32342,0.0
45.433206,12.340049,0.0
45.433198,12.340092,0.0
45.441351,12.325565,0.253125
45.433643,12.342238,0.0
45.441001,12.322137,0.0
45.440328,12.333118,-0.05
45.440328,12.333118,-0.05
45.438257,12.336058,0.0
45.430812,12.336895,0.0
45.445461,12.325994,-0.13333333333333333
45.430721,12.326509,0.2
45.439801,12.340071,0.034848484848484844
45.431723,12.328972,-0.06666666666666667
45.432645,12.32939,0.0
45.432645,12.329154,0.0
45.440557,12.317261,0.0
45.440463,12.323929,0.3181818181818182
45.440937,12.328425,0.13636363636363635
45.439556,12.333102,0.13636363636363635
45.435707,12.344289,0.0
45.43292,12.338692,0.13636363636363635
45.43548,12.329358,0.13636363636363635
45.443158,12.332496,0.0
45.436413,12.332534,0.13636363636363635
45.437301,12.334937,0.13636363636363635
45.448506,12.331069,0.08
45.433669,12.340993,0.13055555555555556
45.437347,12.319943,0.0
45.429795,12.342571,0.0
45.441521,12.332094,0.0
45.444355,12.341165,0.0
45.433797,12.342785,0.0
45.433797,12.342785,0.0
45.447791,12.320437,0.2
45.434087,12.339009,0.0
45.428922,12.337625,0.0
45.428922,12.337625,0.0
45.428922,12.337625,-0.1
45.428922,12.337625,0.0
45.43834,12.331767,0.0
45.435728,12.345972,-0.0625
45.439259,12.327861,0.0
45.443715,12.325598,0.35000000000000003
45.441239,12.322626,0.5
45.431952,12.350521,0.0
45.431952,12.350521,0.0
45.429133,12.341444,0.0
45.445228,12.321488,0.10714285714285714
45.44568,12.320587,0.10714285714285714
45.440813,12.333043,0.0
45.438645,12.329406,0.0
45.444679,12.333483,0.0
45.432671,12.338397,0.0
45.432671,12.338397,0.0
45.437896,12.335758,0.0
45.438599,12.3267,0.0
45.433725,12.334749,0.0
45.437836,12.335586,0.0
45.436285,12.335221,0.013333333333333341
45.430094,12.335701,0.0
45.432161,12.350297,0.0
45.432161,12.350297,0.0
45.432161,12.350297,0.0
45.430094,12.335685,0.0
45.439451,12.328441,0.2857142857142857
45.445488,12.330168,0.0
45.43965,12.330672,0.675
45.428402,12.321478,0.4
45.442458,12.328419,0.5125
45.430059,12.324128,0.053571428571428575
45.429938,12.324621,0.0
45.434719,12.342023,0.0
45.43904,12.329202,0.1
45.433311,12.339813,0.0
45.433402,12.340639,0.1
45.438107,12.335865,-0.05
45.433579,12.334599,0.33809523809523806
45.433466,12.335393,0.0
45.437843,12.354158,-0.16666666666666666
45.434102,12.329996,-0.010714285714285713
45.433714,12.338515,0.07857142857142858
45.433714,12.338515,0.025000000000000005
45.433714,12.338515,0.025000000000000005
45.433714,12.338515,0.025000000000000005
45.433714,12.338515,0.025000000000000005
45.4402,12.324181,0.0
45.436564,12.335811,0.0
45.432415,12.33763,0.0
45.438958,12.335586,0.0
45.438958,12.335586,0.0
45.441073,12.322905,0.0
45.435359,12.333784,0.0
45.437429,12.334551,0.0
45.445729,12.327936,0.0
45.433168,12.324482,0.4166666666666667
45.444784,12.323173,0.0
45.451919,12.347946,0.3
45.438679,12.345929,0.0
45.438973,12.326016,0.0
45.433458,12.340387,0.0
45.435393,12.348997,0.0
45.437166,12.340961,-0.09999999999999998
45.433846,12.328934,0.0
45.432694,12.349469,0.0
45.434072,12.327003,0.0
45.433198,12.340049,0.0
45.445356,12.326252,0.0
45.445356,12.326252,0.0
45.445578,12.331402,0.0
45.446417,12.330994,0.0
45.438107,12.335865,0.5
45.428997,12.343343,0.0
45.431745,12.327346,0.0
45.439537,12.325093,0.0
45.440275,12.337431,0.0
45.438973,12.326016,0.0
45.440501,12.338129,0.0
45.433974,12.338129,0.0
45.430143,12.325834,0.0
45.437836,12.337775,-0.08333333333333333
45.435653,12.337388,0.0
45.436906,12.334717,0.0
45.436906,12.334717,0.0
45.442654,12.338215,0.20995670995670995
45.440358,12.328805,0.0
45.433274,12.339802,0.4
45.438438,12.337667,0.0
45.437362,12.335243,0.3
45.435713,12.330372,0.5
45.436082,12.332056,0.5
45.431723,12.332593,0.0
45.436812,12.332539,0.5
45.434403,12.337217,0.0
45.438058,12.335844,0.5
45.438058,12.335844,0.5
45.438348,12.330286,0.0
45.437497,12.335361,0.0
45.432137,12.345778,0.0
45.436812,12.3327,0.5
45.433898,12.342603,0.0
45.423666,12.325308,0.5
45.433123,12.331144,-0.17857142857142858
45.438058,12.335844,0.0
45.433658,12.340875,0.19583333333333333
45.438058,12.335844,0.5
45.435879,12.331187,0.5
45.43761,12.331595,0.0
45.439823,12.326896,0.0
45.433127,12.331144,0.0
45.433127,12.331144,0.0
45.435577,12.329835,-0.15
45.435619,12.329567,0.0
45.435754,12.330458,-0.15
45.439387,12.341058,0.0
45.438927,12.329975,0.0
45.443166,12.334578,0.0
45.430684,12.356679,0.0
45.440467,12.323892,0.26666666666666666
45.433206,12.324235,0.26666666666666666
45.43525,12.331134,-0.0625
45.43359,12.33933,-0.09857142857142859
45.433816,12.332239,0.26249999999999996
45.434508,12.340521,0.2833333333333333
45.440892,12.334985,-0.016666666666666663
45.430193,12.327958,0.07777777777777779
45.43878,12.334964,-0.17291666666666666
45.433334,12.340103,-0.21999999999999997
45.437858,12.335822,-0.2625
45.433951,12.344371,0.075
45.438544,12.325533,0.09598478444632288
45.433417,12.327856,0.0
45.438032,12.335929,0.3071428571428571
45.437226,12.324471,0.0
45.434542,12.339159,0.0
45.436571,12.349405,-0.06666666666666667
